Time_hr,Node,Curtailed_kW,Fossil_kW
1,1,1.4551915228366852e-11,244810.82956920407
2,1,0.0,374211.59750434326
3,1,0.0,481526.5371551425
4,1,0.0,634430.4456136576
5,1,0.0,868531.1329518856
6,1,0.0,1.2061716384747997e6
7,1,0.0,1.4549257128803432e6
8,1,0.0,1.604069320378515e6
9,1,0.0,1.672237327653714e6
10,1,0.0,1.6865622688723435e6
11,1,0.0,1.6330168434426861e6
12,1,0.0,1.6771393024917715e6
13,1,0.0,1.6469660224168573e6
14,1,0.0,1.458635309684686e6
15,1,0.0,1.3664872212544566e6
16,1,0.0,1.3996229470402286e6
17,1,0.0,1.6017285749946851e6
18,1,0.0,1.5381026045522862e6
19,1,0.0,1.3883050020783434e6
20,1,0.0,1.1455255155563997e6
21,1,0.0,913453.8438026283
22,1,0.0,632343.6899728428
23,1,0.0,205853.63649187807
24,1,0.0,11669.653776342282
25,1,0.0,0.0
26,1,0.0,0.0
27,1,0.0,0.0
28,1,0.0,0.0
29,1,0.0,0.0
30,1,0.0,478837.2549276485
31,1,0.0,822002.9150824575
32,1,0.0,892443.9674449709
33,1,0.0,844600.2482802285
34,1,0.0,855155.9604475427
35,1,0.0,838625.3649623429
36,1,0.0,798470.486566057
37,1,0.0,753583.1217961714
38,1,0.0,638199.9442349143
39,1,0.0,592060.2955979428
40,1,0.0,710717.0998621148
41,1,0.0,1.0469052037832002e6
42,1,0.0,1.1911387993959999e6
43,1,7.275957614183426e-11,1.2075026553282496e6
44,1,0.0,1.1406260050902648e6
45,1,0.0,1.245371918916914e6
46,1,0.0,1.2467928072465146e6
47,1,2.319211489520967e-11,1.01785248938121e6
48,1,0.0,691349.2143459958
49,1,0.0,618858.779678795
50,1,0.0,489206.295216343
51,1,0.0,420486.4399435426
52,1,0.0,381297.4545830857
53,1,0.0,422164.7468313142
54,1,0.0,471675.27471977123
55,1,0.0,608938.328337029
56,1,0.0,812095.2230155424
57,1,0.0,999723.1543003428
58,1,0.0,1.0385130040965715e6
59,1,0.0,1.0746920033923998e6
60,1,0.0,1.1051465792862847e6
61,1,0.0,1.0953061285480568e6
62,1,0.0,1.1175495933135427e6
63,1,0.0,1.1656136646769715e6
64,1,0.0,1.2833901055357137e6
65,1,0.0,1.5643855649445143e6
66,1,0.0,1.6574984581899433e6
67,1,0.0,1.6173060793685715e6
68,1,0.0,1.5280710165429714e6
69,1,0.0,1.4358113153832569e6
70,1,0.0,1.3553049593190283e6
71,1,0.0,1.2431816999761143e6
72,1,0.0,1.133486870588114e6
73,1,0.0,1.0554437922882289e6
74,1,0.0,1.0107313660743429e6
75,1,0.0,985633.9979518855
76,1,0.0,981288.8764093713
77,1,0.0,971936.7999036568
78,1,0.0,978196.5717500569
79,1,0.0,992044.3349568576
80,1,0.0,1.0351707984650288e6
81,1,0.0,1.0677927244211428e6
82,1,0.0,1.0545245528743425e6
83,1,0.0,947840.0604264572
84,1,0.0,952850.6131610854
85,1,0.0,919046.5993538857
86,1,0.0,876160.1813819429
87,1,0.0,858525.910302343
88,1,0.0,841204.3171560572
89,1,0.0,957797.1516953141
90,1,0.0,933965.5713181712
91,1,0.0,851885.1998621137
92,1,0.0,713260.2483456573
93,1,0.0,585785.5293494855
94,1,0.0,446214.2125582858
95,1,2.1827872842550278e-11,272409.63330142293
96,1,1.4551915228366852e-11,131609.34834026126
97,1,0.0,33346.433160638815
98,1,0.0,0.0
99,1,0.0,0.0
100,1,0.0,0.0
101,1,1.4551915228366852e-11,167974.21968463378
102,1,0.0,464991.2569784573
103,1,0.0,648796.8505123999
104,1,0.0,815332.4837588
105,1,0.0,900527.933786857
106,1,0.0,960371.0669146858
107,1,0.0,1.0088857265277718e6
108,1,0.0,1.0121841198203429e6
109,1,0.0,1.0248026305843432e6
110,1,0.0,1.1100848451315425e6
111,1,0.0,1.1744766823167435e6
112,1,0.0,1.1923388039050284e6
113,1,0.0,1.3695714660297143e6
114,1,0.0,1.4286978764976e6
115,1,0.0,1.3825674412222863e6
116,1,0.0,1.2679439751154855e6
117,1,0.0,1.1912215337422858e6
118,1,0.0,1.083983434389943e6
119,1,0.0,993963.9162113715
120,1,0.0,933829.084610743
121,1,0.0,903889.6612921715
122,1,0.0,903188.6038501139
123,1,0.0,904428.6998160575
124,1,0.0,941550.4565347999
125,1,0.0,1.0450504042790857e6
126,1,0.0,1.2656684920041147e6
127,1,0.0,1.4531888436156572e6
128,1,0.0,1.489456157473714e6
129,1,0.0,1.5254369643762852e6
130,1,0.0,1.601197966303428e6
131,1,0.0,1.575507391019429e6
132,1,0.0,1.5464027180538853e6
133,1,0.0,1.5291424958819433e6
134,1,0.0,1.512234309209772e6
135,1,0.0,1.4711484803398286e6
136,1,0.0,1.4694563553706286e6
137,1,0.0,1.5279905632714857e6
138,1,0.0,1.5075600307743426e6
139,1,0.0,1.4488306945381719e6
140,1,0.0,1.3383050142027428e6
141,1,0.0,1.2617129246788574e6
142,1,0.0,1.1725224986485709e6
143,1,0.0,1.081273737256286e6
144,1,0.0,1.0319191331617148e6
145,1,0.0,980516.6580497716
146,1,0.0,972694.6276686855
147,1,0.0,969354.648369885
148,1,0.0,972652.3807224003
149,1,0.0,1.0579474184749713e6
150,1,0.0,1.2887122178099998e6
151,1,0.0,1.5256719332432572e6
152,1,0.0,1.6271867997417147e6
153,1,0.0,1.6611381985996e6
154,1,0.0,1.8092139432157553e6
155,1,2.9103830456733704e-11,1.848642313232725e6
156,1,0.0,1.923879713934157e6
157,1,0.0,1.869739328933921e6
158,1,3.637978807091713e-11,1.7070802610022435e6
159,1,0.0,1.6076959908637146e6
160,1,0.0,1.6237729683632567e6
161,1,0.0,1.7698578436205718e6
162,1,0.0,1.8197208806372567e6
163,1,0.0,1.7648193674093713e6
164,1,0.0,1.582729994548057e6
165,1,0.0,1.3720125595050284e6
166,1,0.0,1.080419757734572e6
167,1,0.0,807319.1620462282
168,1,4.3655745685100555e-11,546635.0961478463
169,1,0.0,22484.647402607196
170,1,0.0,0.0
171,1,0.0,0.0
172,1,0.0,0.0
173,1,0.0,0.0
174,1,0.0,537189.1513072001
175,1,0.0,691975.0787091999
176,1,0.0,721786.500230114
177,1,0.0,741684.3361132
178,1,0.0,788421.297356515
179,1,0.0,810348.6158320572
180,1,0.0,840521.6737653142
181,1,0.0,834631.5230355432
182,1,0.0,885621.2620791431
183,1,0.0,856173.8704518288
184,1,0.0,1.091268775422743e6
185,1,0.0,1.278191286441314e6
186,1,0.0,1.2352598649508576e6
187,1,0.0,1.1087253397497712e6
188,1,0.0,970133.157856571
189,1,0.0,865327.2033913143
190,1,0.0,729620.7008024568
191,1,0.0,585774.1164973716
192,1,0.0,519830.1028803425
193,1,0.0,435043.63523685676
194,1,0.0,357881.6861625713
195,1,0.0,192766.39177831035
196,1,0.0,111492.87859149366
197,1,0.0,234830.38669026858
198,1,0.0,532304.3239661717
199,1,0.0,758989.943957314
200,1,0.0,862226.1869942858
201,1,0.0,877750.0742722852
202,1,0.0,891748.507772915
203,1,0.0,910137.179743428
204,1,0.0,921489.5688705718
205,1,0.0,915248.6621973141
206,1,0.0,938778.4857332004
207,1,0.0,958343.955903372
208,1,0.0,1.0364128360402287e6
209,1,0.0,1.2169390019374294e6
210,1,0.0,1.2885881576468563e6
211,1,0.0,1.1892672120870857e6
212,1,0.0,1.0513968294648572e6
213,1,0.0,948840.8916947993
214,1,0.0,838809.6923430855
215,1,0.0,691397.011727943
216,1,0.0,582270.9182309711
217,1,0.0,504262.8743850287
218,1,0.0,442132.32529920037
219,1,0.0,414965.21499142924
220,1,0.0,384153.24138971453
221,1,0.0,383865.61437228567
222,1,0.0,437012.19677119935
223,1,0.0,549165.7143465715
224,1,0.0,671273.605179657
225,1,0.0,721233.3129613139
226,1,0.0,750489.9748620569
227,1,0.0,642714.0777332005
228,1,0.0,635417.8241458851
229,1,0.0,306642.1140039698
230,1,0.0,91012.5453264261
231,1,0.0,244650.21211602894
232,1,0.0,566354.8166577716
233,1,0.0,737815.1191088568
234,1,0.0,805737.1988356566
235,1,0.0,566970.8034296066
236,1,0.0,294944.357395838
237,1,0.0,102612.45550369326
238,1,0.0,0.0
239,1,0.0,0.0
240,1,0.0,0.0
241,1,0.0,0.0
242,1,0.0,0.0
243,1,0.0,0.0
244,1,0.0,0.0
245,1,0.0,0.0
246,1,0.0,0.0
247,1,0.0,0.0
248,1,0.0,0.0
249,1,0.0,0.0
250,1,0.0,0.0
251,1,0.0,0.0
252,1,0.0,0.0
253,1,0.0,0.0
254,1,0.0,0.0
255,1,0.0,0.0
256,1,0.0,0.0
257,1,0.0,283394.4050286631
258,1,0.0,580129.1118119803
259,1,3.092281986027956e-11,524894.2998758539
260,1,0.0,379677.1949618006
261,1,0.0,303808.77651474276
262,1,0.0,201976.97802120028
263,1,0.0,0.0
264,1,0.0,0.0
265,1,20527.9368922289,0.0
266,1,0.0,0.0
267,1,0.0,0.0
268,1,0.0,0.0
269,1,0.0,0.0
270,1,0.0,153090.6539891067
271,1,0.0,677991.9068958962
272,1,0.0,953110.5617240572
273,1,0.0,997505.8366676571
274,1,2.9103830456733704e-11,837229.9038994685
275,1,0.0,463943.8881917136
276,1,0.0,422191.42114645685
277,1,0.0,365952.58918788563
278,1,0.0,322109.2318451998
279,1,0.0,311115.70793662814
280,1,0.0,327415.8827783427
281,1,0.0,768021.708073492
282,1,0.0,996856.6538756569
283,1,0.0,981786.1111752569
284,1,0.0,893382.6119425137
285,1,0.0,860151.9915260002
286,1,0.0,780840.2107349717
287,1,0.0,726402.037965886
288,1,0.0,729806.9405547997
289,1,0.0,706471.2220309715
290,1,0.0,713072.169430057
291,1,0.0,755839.7747043998
292,1,0.0,843813.3424649714
293,1,0.0,1.0163960952387429e6
294,1,0.0,1.2492870725987428e6
295,1,0.0,1.4959456311693143e6
296,1,0.0,1.6439176941608011e6
297,1,0.0,1.7350924362589144e6
298,1,0.0,1.7809317948009134e6
299,1,0.0,1.7476884751889722e6
300,1,0.0,1.6188955265205703e6
301,1,0.0,1.4974211063581142e6
302,1,0.0,1.3668016147761713e6
303,1,0.0,1.1991329957068567e6
304,1,0.0,958244.0743330851
305,1,0.0,922657.1479645713
306,1,0.0,892272.8688132004
307,1,4.3655745685100555e-11,669015.4039442514
308,1,0.0,296901.2263635203
309,1,0.0,120258.63980949105
310,1,0.0,0.0
311,1,0.0,0.0
312,1,0.0,0.0
313,1,0.0,0.0
314,1,0.0,0.0
315,1,0.0,0.0
316,1,0.0,0.0
317,1,0.0,0.0
318,1,0.0,0.0
319,1,2.9103830456733704e-11,490027.7489560293
320,1,0.0,752094.9639095999
321,1,0.0,874692.1016949712
322,1,0.0,974059.5704771997
323,1,0.0,1.0577055954989707e6
324,1,0.0,1.257836910837771e6
325,1,0.0,1.6579734274951927e6
326,1,5.820766091346741e-11,1.8996933644925524e6
327,1,0.0,1.812936093258918e6
328,1,0.0,1.7469449284077145e6
329,1,0.0,1.8515052039671429e6
330,1,0.0,1.8448069413624564e6
331,1,0.0,1.6114550465962854e6
332,1,0.0,1.3373060565912e6
333,1,0.0,1.0992504264027998e6
334,1,0.0,926402.563795943
335,1,0.0,735928.0781747431
336,1,0.0,378724.79709133995
337,1,0.0,0.0
338,1,0.0,0.0
339,1,0.0,0.0
340,1,0.0,0.0
341,1,0.0,0.0
342,1,0.0,315620.92223434837
343,1,0.0,778229.5268080572
344,1,0.0,945968.5759180574
345,1,0.0,1.0246115934193715e6
346,1,0.0,1.168797554835314e6
347,1,0.0,1.2980898138657713e6
348,1,0.0,1.4313239706587999e6
349,1,0.0,1.4876279684068004e6
350,1,0.0,1.5919385431333152e6
351,1,0.0,1.616104596321142e6
352,1,0.0,1.5919911872172572e6
353,1,0.0,1.7008020134113145e6
354,1,0.0,1.795882789856572e6
355,1,0.0,1.7476192269666856e6
356,1,0.0,1.6404048900683997e6
357,1,0.0,1.5500054686178854e6
358,1,0.0,1.4486032952444004e6
359,1,0.0,1.3310811038734282e6
360,1,0.0,1.2221124553485718e6
361,1,0.0,1.0872343529660567e6
362,1,0.0,1.0003294806578858e6
363,1,0.0,968650.5817524001
364,1,0.0,993375.5445734859
365,1,0.0,1.1020019447135427e6
366,1,0.0,1.243015326742286e6
367,1,0.0,1.4345376616375423e6
368,1,8.003553375601768e-11,1.6442906009539263e6
369,1,0.0,1.7814579869541344e6
370,1,5.820766091346741e-11,1.804833576221704e6
371,1,2.000888343900442e-11,1.6328186624751391e6
372,1,0.0,1.4783011269079428e6
373,1,0.0,1.371744350022114e6
374,1,0.0,1.2070363564361143e6
375,1,0.0,1.0997935820645145e6
376,1,0.0,1.1391861400196005e6
377,1,0.0,1.3119151141198282e6
378,1,0.0,1.384173704335771e6
379,1,0.0,1.2464617864963426e6
380,1,0.0,1.0964241547209139e6
381,1,0.0,1.0070081881249708e6
382,1,0.0,959457.8576399428
383,1,0.0,884077.8616053718
384,1,0.0,825378.2257306856
385,1,0.0,788076.2090303429
386,1,0.0,776006.8125948003
387,1,0.0,740860.3972439421
388,1,0.0,671216.605878629
389,1,0.0,619946.3525787427
390,1,0.0,642198.0887021145
391,1,0.0,724579.7197939429
392,1,0.0,892419.3157000566
393,1,0.0,1.0017670072394285e6
394,1,0.0,1.0442224816887995e6
395,1,0.0,1.0274692547365149e6
396,1,0.0,1.0007003088886287e6
397,1,0.0,990892.0858388569
398,1,0.0,987497.3218866279
399,1,0.0,1.0308982785248007e6
400,1,0.0,1.1040655908865712e6
401,1,0.0,1.2572454555982854e6
402,1,0.0,1.4356433696482293e6
403,1,0.0,1.455700011068057e6
404,1,0.0,1.4195749694121713e6
405,1,0.0,1.3902064409079428e6
406,1,0.0,1.3354373552235428e6
407,1,0.0,1.2250084811613143e6
408,1,0.0,1.0794924358679433e6
409,1,0.0,936018.7986513716
410,1,0.0,799159.0343724568
411,1,0.0,701570.4619837713
412,1,0.0,636558.7521691432
413,1,0.0,621105.3755716572
414,1,0.0,665173.4375091431
415,1,0.0,793174.5700887992
416,1,0.0,931944.738152
417,1,0.0,1.108638959787714e6
418,1,0.0,1.211316024825314e6
419,1,0.0,1.1237954813477146e6
420,1,0.0,1.0207299258970286e6
421,1,0.0,973648.3323111427
422,1,0.0,844517.438601371
423,1,0.0,731055.5921981145
424,1,2.9103830456733704e-11,455288.04081028095
425,1,0.0,276430.05490452517
426,1,0.0,284762.539215429
427,1,0.0,161914.66421108576
428,1,0.0,46609.29592268588
429,1,0.0,0.0
430,1,0.0,0.0
431,1,0.0,0.0
432,1,0.0,0.0
433,1,0.0,0.0
434,1,0.0,0.0
435,1,0.0,0.0
436,1,0.0,0.0
437,1,0.0,0.0
438,1,0.0,255855.24763176066
439,1,0.0,907070.2553439994
440,1,0.0,950293.983192
441,1,0.0,1.022526085837886e6
442,1,0.0,1.0562923937312565e6
443,1,0.0,996855.6549580572
444,1,0.0,1.0201539087011999e6
445,1,0.0,1.0899015623104568e6
446,1,0.0,1.0659424408185715e6
447,1,0.0,1.0245670575117718e6
448,1,0.0,966343.6240114855
449,1,0.0,1.0490892525698855e6
450,1,0.0,1.1193804864204004e6
451,1,0.0,1.0110050730276571e6
452,1,0.0,893744.1844790861
453,1,0.0,820467.1770833713
454,1,0.0,784407.7077452573
455,1,0.0,763133.002781371
456,1,0.0,765058.4117532572
457,1,0.0,714330.7320396574
458,1,0.0,699478.5470658855
459,1,0.0,762432.4057726854
460,1,0.0,856871.150185657
461,1,0.0,1.0004761878110288e6
462,1,0.0,1.2826547980254283e6
463,1,0.0,1.5462639809781716e6
464,1,0.0,1.6375868469265143e6
465,1,0.0,1.6957063714133142e6
466,1,0.0,1.754043385060629e6
467,1,0.0,1.7692665953295424e6
468,1,0.0,1.754439900444e6
469,1,0.0,1.7645608964961714e6
470,1,0.0,1.8235868750843424e6
471,1,0.0,1.7793683741310863e6
472,1,0.0,1.8003428732561143e6
473,1,0.0,2.0881435968774348e6
474,1,0.0,2.2273590467685647e6
475,1,1.1641532182693481e-10,1.9712831589014824e6
476,1,1.0913936421275139e-10,1.6917554843984137e6
477,1,0.0,1.5023715678227427e6
478,1,0.0,1.2855993696732e6
479,1,0.0,1.071829658545257e6
480,1,0.0,920726.0059122858
481,1,0.0,767481.7857410281
482,1,0.0,687988.1971138853
483,1,0.0,672341.5476446287
484,1,0.0,679307.3469414283
485,1,0.0,705134.7438731431
486,1,0.0,901272.8545342286
487,1,0.0,1.1746263616877715e6
488,1,0.0,1.2711860466071432e6
489,1,0.0,1.3320705667601144e6
490,1,0.0,1.3279060644837143e6
491,1,0.0,1.322682641107371e6
492,1,0.0,1.3657782313346285e6
493,1,0.0,1.338758676407257e6
494,1,0.0,1.4656004753663423e6
495,1,0.0,1.585468582864743e6
496,1,0.0,1.570330877897143e6
497,1,0.0,1.7757885259115996e6
498,1,0.0,1.7478435961547997e6
499,1,2.9103830456733704e-11,1.7405020542004057e6
500,1,0.0,1.3203570885235423e6
501,1,1.0913936421275139e-10,1.1813618018687998e6
502,1,0.0,949565.732013943
503,1,0.0,864789.196707886
504,1,0.0,843549.9401110288
505,1,0.0,809652.3173713144
506,1,0.0,796696.3788880564
507,1,0.0,822974.5103363428
508,1,0.0,905367.3931803433
509,1,0.0,955499.1984470282
510,1,0.0,1.0098274200097141e6
511,1,0.0,1.1717100867216e6
512,1,0.0,1.1950168444187432e6
513,1,0.0,1.2181812182017143e6
514,1,0.0,1.1441911201213142e6
515,1,0.0,1.0982854020494283e6
516,1,0.0,1.0324280386236568e6
517,1,0.0,1.0154067957910282e6
518,1,0.0,1.0050855317625144e6
519,1,0.0,1.0479493468427999e6
520,1,0.0,1.0826223396144572e6
521,1,0.0,1.174336270280229e6
522,1,0.0,1.2392397666710285e6
523,1,0.0,1.1570231125808568e6
524,1,0.0,1.079698273953714e6
525,1,0.0,1.0001606778961142e6
526,1,0.0,895272.4162142858
527,1,0.0,592445.4055261024
528,1,0.0,390789.7750901648
529,1,0.0,401449.74270480406
530,1,0.0,430473.3066152987
531,1,0.0,520208.20629281335
532,1,5.820766091346741e-11,796345.2422904003
533,1,0.0,1.0955708222907998e6
534,1,0.0,1.324016279204972e6
535,1,0.0,1.541875748704457e6
536,1,0.0,1.4776996610808568e6
537,1,0.0,1.4245189385576e6
538,1,0.0,1.396181348191429e6
539,1,0.0,1.3529314462413143e6
540,1,0.0,1.3772519178493717e6
541,1,0.0,1.4089676136963433e6
542,1,0.0,1.4239817130243431e6
543,1,0.0,1.4549753777879998e6
544,1,0.0,1.5155776454802852e6
545,1,0.0,1.5929417369269147e6
546,1,0.0,1.5416198652745716e6
547,1,0.0,1.3160652311230288e6
548,1,0.0,1.123791201997372e6
549,1,0.0,997970.3138351997
550,1,0.0,919289.5439913145
551,1,0.0,823621.8390760571
552,1,0.0,722430.4401189708
553,1,0.0,666885.3508561144
554,1,0.0,604292.4599570285
555,1,3.637978807091713e-12,515665.661788028
556,1,0.0,471094.0388046457
557,1,0.0,478495.15905502834
558,1,0.0,529104.4557219428
559,1,0.0,666602.6462094286
560,1,0.0,884578.5905493144
561,1,0.0,1.0846747752285146e6
562,1,0.0,1.141314520967371e6
563,1,0.0,1.0239240268107423e6
564,1,0.0,995134.1193172564
565,1,0.0,1.003353907038343e6
566,1,0.0,1.009345954626514e6
567,1,0.0,1.0246891952744001e6
568,1,0.0,1.0986413629141145e6
569,1,0.0,1.2376360072161716e6
570,1,0.0,1.3084930797982858e6
571,1,0.0,1.1371954506689152e6
572,1,0.0,964075.4705074284
573,1,0.0,858001.5303005715
574,1,2.9103830456733704e-11,620997.6161794271
575,1,0.0,170285.86975811445
576,1,0.0,16395.72831817146
577,1,0.0,0.0
578,1,0.0,0.0
579,1,0.0,0.0
580,1,0.0,0.0
581,1,0.0,0.0
582,1,0.0,0.0
583,1,0.0,0.0
584,1,0.0,0.0
585,1,0.0,0.0
586,1,0.0,21857.136291770963
587,1,0.0,104346.44658731367
588,1,0.0,154372.94868520007
589,1,0.0,140209.25816005748
590,1,0.0,32163.535039371345
591,1,0.0,325017.96116541076
592,1,0.0,757389.4087133715
593,1,0.0,951451.8157646855
594,1,0.0,1.1356896011101143e6
595,1,0.0,1.0860493388062282e6
596,1,0.0,964701.7978551997
597,1,0.0,831428.6015254286
598,1,0.0,175747.2978319996
599,1,0.0,0.0
600,1,0.0,0.0
601,1,0.0,0.0
602,1,0.0,0.0
603,1,32527.902548971586,0.0
604,1,36009.331717428984,0.0
605,1,20301.31027942896,0.0
606,1,0.0,0.0
607,1,0.0,0.0
608,1,2.9103830456733704e-11,380241.9008064121
609,1,0.0,475498.1929605708
610,1,0.0,517416.724619142
611,1,0.0,526633.4492170855
612,1,0.0,540289.5015916
613,1,0.0,577173.2403328572
614,1,0.0,608491.8433391994
615,1,0.0,666624.9973663425
616,1,0.0,705273.8953263431
617,1,0.0,823693.0468083995
618,1,0.0,981836.5132671436
619,1,0.0,913856.1626843435
620,1,0.0,752315.5554137712
621,1,0.0,622444.433778171
622,1,0.0,484554.4783278294
623,1,0.0,335445.35111011425
624,1,0.0,196891.94087485666
625,1,0.0,128654.77255022805
626,1,0.0,77939.69238662836
627,1,0.0,0.0
628,1,0.0,0.0
629,1,0.0,0.0
630,1,0.0,0.0
631,1,0.0,91625.01718589856
632,1,0.0,557306.9745182856
633,1,0.0,591628.3090582865
634,1,0.0,633466.9742157143
635,1,0.0,599033.1923323134
636,1,0.0,215269.51063000405
637,1,0.0,197099.4218821613
638,1,0.0,285595.16817451594
639,1,0.0,355612.53928479727
640,1,0.0,475803.2612032091
641,1,0.0,863620.9106279997
642,1,0.0,1.0901546570033713e6
643,1,0.0,1.0226234691868562e6
644,1,0.0,844345.9003308569
645,1,0.0,689035.6225914853
646,1,0.0,538931.1336584571
647,1,0.0,443896.95407194225
648,1,0.0,136685.4845580055
649,1,0.0,165873.71527513664
650,1,0.0,144898.10342217097
651,1,0.0,153911.14352291473
652,1,0.0,180946.4777675427
653,1,0.0,257526.1767194285
654,1,0.0,410214.79491771467
655,1,0.0,700127.6022177715
656,1,0.0,904656.4835618283
657,1,0.0,1.0140273002723429e6
658,1,0.0,1.0927835423909717e6
659,1,0.0,1.1920197030756571e6
660,1,0.0,1.2445742738723997e6
661,1,0.0,1.2744267053801143e6
662,1,0.0,1.3095403896540008e6
663,1,0.0,1.3417340425473142e6
664,1,0.0,1.4266688607605149e6
665,1,0.0,1.4773357970210856e6
666,1,0.0,1.6933648763430866e6
667,1,0.0,1.5907731910748004e6
668,1,0.0,1.4621235738652e6
669,1,0.0,1.3501443830406286e6
670,1,0.0,1.2628078760981713e6
671,1,0.0,1.137201442149943e6
672,1,0.0,1.0042641370006285e6
673,1,0.0,940381.1747142858
674,1,0.0,872020.5292594288
675,1,0.0,787846.8147141145
676,1,0.0,691265.4415594859
677,1,0.0,727884.8613729145
678,1,0.0,799744.4533637713
679,1,0.0,993994.4247197143
680,1,0.0,1.1826349077987429e6
681,1,0.0,1.3058593197610276e6
682,1,0.0,1.4031501704702855e6
683,1,0.0,1.5155660957543426e6
684,1,0.0,1.5831654214412002e6
685,1,0.0,1.5448587219777713e6
686,1,0.0,1.6117725302521144e6
687,1,0.0,1.585941082395772e6
688,1,0.0,1.544235704811257e6
689,1,0.0,1.481533879254115e6
690,1,0.0,1.6870388292587432e6
691,1,3.637978807091713e-11,1.5946605187540199e6
692,1,0.0,1.4476336531979993e6
693,1,0.0,1.3777312227926853e6
694,1,0.0,1.3334052642331994e6
695,1,0.0,1.2577905592242854e6
696,1,0.0,1.1753826491364567e6
697,1,0.0,1.1337192140110855e6
698,1,0.0,1.1134469021350855e6
699,1,0.0,1.1479658085617712e6
700,1,0.0,1.125728512262571e6
701,1,0.0,1.1667378651194288e6
702,1,0.0,1.3066688729008e6
703,1,0.0,1.595498794063714e6
704,1,0.0,1.7294525625405142e6
705,1,0.0,1.8373634743273715e6
706,1,0.0,1.8640289589737717e6
707,1,0.0,1.9189642446014858e6
708,1,0.0,1.860920043450343e6
709,1,0.0,1.8220184378107432e6
710,1,0.0,1.803985898932629e6
711,1,0.0,1.7268775300826854e6
712,1,0.0,1.759711652356172e6
713,1,0.0,1.846910789922057e6
714,1,0.0,1.9751572437145717e6
715,1,0.0,1.8798482694353706e6
716,1,0.0,1.6851522154712006e6
717,1,0.0,1.494518702553772e6
718,1,0.0,1.3253982115714285e6
719,1,0.0,1.1634950518231427e6
720,1,0.0,1.0165064159280574e6
721,1,0.0,903046.9173773144
722,1,0.0,817559.3691269709
723,1,0.0,750770.7210719995
724,1,0.0,723415.997408857
725,1,0.0,718915.70448
726,1,0.0,726710.8257142284
727,1,0.0,801701.4937631995
728,1,0.0,923952.5492306282
729,1,0.0,1.0640242875331999e6
730,1,0.0,1.1040798859263426e6
731,1,0.0,1.1815245547003997e6
732,1,0.0,1.1745535312458859e6
733,1,0.0,1.1785440973003432e6
734,1,0.0,1.2652761038528006e6
735,1,0.0,1.3821238955122277e6
736,1,0.0,1.4537389874126855e6
737,1,0.0,1.5591580902258859e6
738,1,0.0,1.7546391169805713e6
739,1,0.0,1.7234748243304007e6
740,1,0.0,1.5667437654989716e6
741,1,0.0,1.4433017677954861e6
742,1,0.0,1.3368392637753144e6
743,1,0.0,1.211075461149029e6
744,1,0.0,1.0652815885189713e6
745,1,0.0,932727.1627616001
1,2,0.0,0.0
2,2,0.0,138735.05447076086
3,2,0.0,228949.85287590948
4,2,0.0,258306.81395454356
5,2,0.0,297309.0882247136
6,2,0.0,361212.4749753287
7,2,0.0,413150.09318512556
8,2,0.0,427519.4372036945
9,2,0.0,426275.82080069813
10,2,0.0,438677.9846001961
11,2,0.0,418780.16310835374
12,2,0.0,383309.63297531166
13,2,0.0,378870.53262959764
14,2,0.0,372537.95644169167
15,2,0.0,349984.54637425736
16,2,0.0,369589.7756808914
17,2,0.0,359900.66338111786
18,2,0.0,336234.1884486547
19,2,0.0,316258.43422528653
20,2,0.0,287741.2039163033
21,2,0.0,163088.20966833716
22,2,0.0,0.0
23,2,0.0,0.0
24,2,0.0,0.0
25,2,0.0,0.0
26,2,5.820766091346741e-11,0.0
27,2,0.0,0.0
28,2,0.0,0.0
29,2,5.820766091346741e-11,0.0
30,2,0.0,0.0
31,2,0.0,267556.6057870017
32,2,0.0,299452.29296002514
33,2,0.0,271121.57045753696
34,2,0.0,290982.11874314875
35,2,0.0,199007.4308089756
36,2,0.0,258079.98203219174
37,2,7.275957614183426e-12,196046.59557707104
38,2,0.0,204382.05989098919
39,2,0.0,207830.62862000937
40,2,0.0,228360.58089463724
41,2,0.0,291376.9843517542
42,2,0.0,319545.88571614283
43,2,0.0,0.0
44,2,0.0,0.0
45,2,0.0,1588.8222757334297
46,2,0.0,18289.1126403948
47,2,0.0,0.0
48,2,0.0,0.0
49,2,0.0,0.0
50,2,7.275957614183426e-12,82924.29087436388
51,2,0.0,106458.28135477955
52,2,0.0,113289.23025574075
53,2,0.0,150372.44983361827
54,2,0.0,180170.22161483933
55,2,0.0,229033.37611041236
56,2,0.0,281401.0407366545
57,2,0.0,324245.68960803497
58,2,0.0,337610.52672547085
59,2,0.0,337482.66975298617
60,2,0.0,331937.8112509735
61,2,0.0,334529.0399211162
62,2,0.0,332180.5297828354
63,2,0.0,338133.60437628924
64,2,0.0,351093.63624093344
65,2,0.0,403472.19493391324
66,2,0.0,399736.46964270086
67,2,0.0,383447.779258123
68,2,0.0,359965.9467088717
69,2,0.0,342674.968672961
70,2,0.0,320259.78811550123
71,2,0.0,286402.2015579763
72,2,0.0,264341.7556070052
73,2,0.0,244921.20464476908
74,2,0.0,228363.69905837794
75,2,0.0,215324.62134177124
76,2,0.0,202997.095347172
77,2,0.0,194102.65352035337
78,2,0.0,189881.47770615434
79,2,0.0,190563.32096849824
80,2,0.0,201941.5149149309
81,2,0.0,211759.56854093156
82,2,0.0,210593.7364734514
83,2,1.0913936421275139e-11,180751.8359967425
84,2,0.0,198700.60005707503
85,2,0.0,219760.01422274747
86,2,0.0,210069.87012254022
87,2,0.0,222531.35871796912
88,2,0.0,237490.35011139297
89,2,0.0,256019.8550594531
90,2,0.0,241376.075003909
91,2,0.0,228376.38170535263
92,2,0.0,120021.85924030357
93,2,0.0,33981.23348858429
94,2,0.0,6104.024767330877
95,2,0.0,0.0
96,2,0.0,0.0
97,2,0.0,0.0
98,2,0.0,0.0
99,2,0.0,0.0
100,2,1.4551915228366852e-11,0.0
101,2,0.0,0.0
102,2,0.0,206429.37816234113
103,2,0.0,276590.1132556284
104,2,0.0,276925.7072097276
105,2,0.0,276522.84739582683
106,2,0.0,306724.2827475576
107,2,0.0,345598.7388066367
108,2,0.0,346255.4083300356
109,2,0.0,355063.2509652189
110,2,0.0,363894.62156626594
111,2,0.0,342769.85235202545
112,2,0.0,342789.7002332808
113,2,0.0,372164.3974383423
114,2,0.0,359087.1183603894
115,2,0.0,345837.7923399877
116,2,0.0,340810.4320279093
117,2,0.0,328785.78381431865
118,2,0.0,303126.41426867724
119,2,0.0,285383.7129069872
120,2,0.0,262903.28640916594
121,2,0.0,257834.21994986726
122,2,0.0,246607.7610851794
123,2,0.0,241452.42834968836
124,2,0.0,255552.3002705123
125,2,0.0,281256.268347689
126,2,0.0,326037.83124554314
127,2,0.0,372181.5959195246
128,2,0.0,366725.8620890815
129,2,0.0,376900.98155284976
130,2,0.0,387423.76978327276
131,2,0.0,386827.74096366094
132,2,0.0,374324.6407097927
133,2,0.0,389478.176185165
134,2,0.0,387024.73939652217
135,2,0.0,350067.670947627
136,2,0.0,338262.8679193167
137,2,0.0,340954.9164180134
138,2,0.0,321444.9986797149
139,2,0.0,311951.4890207169
140,2,0.0,293312.9766408745
141,2,0.0,282265.7996619424
142,2,0.0,282516.6664372282
143,2,0.0,274761.5744541216
144,2,0.0,254955.07759603777
145,2,0.0,254186.780642507
146,2,0.0,256189.1933578222
147,2,0.0,260164.2510856987
148,2,0.0,270268.83494945074
149,2,0.0,294217.3441969502
150,2,0.0,350120.28108932165
151,2,0.0,498085.0
152,2,0.0,498085.0
153,2,0.0,498085.0
154,2,0.0,498085.0
155,2,0.0,498085.0
156,2,0.0,498084.99999999994
157,2,0.0,498085.0
158,2,0.0,498085.0
159,2,0.0,411347.05411959643
160,2,0.0,414689.0754195938
161,2,0.0,428426.66978702135
162,2,0.0,408260.61742197745
163,2,0.0,379513.23642969906
164,2,0.0,333808.8353956304
165,2,0.0,300721.14549877174
166,2,0.0,236584.5909655946
167,2,0.0,119468.69631941973
168,2,0.0,0.0
169,2,0.0,0.0
170,2,5.820766091346741e-11,0.0
171,2,0.0,0.0
172,2,0.0,0.0
173,2,0.0,0.0
174,2,0.0,86774.54945291969
175,2,0.0,241921.18206499435
176,2,0.0,266822.1759304685
177,2,0.0,280541.40492243227
178,2,0.0,293115.2213476123
179,2,0.0,283213.2921648891
180,2,0.0,309011.1410739033
181,2,0.0,319964.0923616212
182,2,0.0,311933.16323947284
183,2,0.0,343782.2256227812
184,2,0.0,330142.06879827817
185,2,0.0,354874.9518189265
186,2,0.0,338343.1839389884
187,2,0.0,307470.676719367
188,2,0.0,280124.67899020703
189,2,0.0,295727.86184693733
190,2,0.0,211469.08072558776
191,2,0.0,104787.07676572059
192,2,0.0,126146.23560876863
193,2,0.0,12743.45109775872
194,2,0.0,0.0
195,2,0.0,0.0
196,2,0.0,0.0
197,2,0.0,0.0
198,2,0.0,145503.8163690638
199,2,0.0,301233.4355365195
200,2,0.0,317537.5291481508
201,2,0.0,307048.19482300885
202,2,0.0,291567.49950733164
203,2,0.0,280651.86750481464
204,2,0.0,274928.4089178151
205,2,0.0,272791.6460412642
206,2,0.0,267343.44186446443
207,2,0.0,261591.19297293606
208,2,0.0,277641.16422229435
209,2,0.0,315558.08862761606
210,2,0.0,328502.0919464019
211,2,0.0,323921.27711206884
212,2,0.0,307885.36912513914
213,2,0.0,276042.6307960848
214,2,0.0,243911.83671436695
215,2,0.0,217863.45196510057
216,2,0.0,192754.42528879776
217,2,0.0,190096.10075670356
218,2,0.0,175385.52077237034
219,2,0.0,181262.97914785083
220,2,0.0,168830.62793664404
221,2,0.0,173223.1818086174
222,2,0.0,197925.66781023645
223,2,0.0,216983.76716798087
224,2,0.0,288315.439229679
225,2,0.0,282470.8459983274
226,2,0.0,242705.93167472235
227,2,0.0,4879.895747957489
228,2,0.0,0.0
229,2,0.0,0.0
230,2,0.0,0.0
231,2,0.0,0.0
232,2,0.0,0.0
233,2,0.0,0.0
234,2,0.0,0.0
235,2,0.0,0.0
236,2,0.0,0.0
237,2,0.0,0.0
238,2,5.820766091346741e-11,0.0
239,2,5.820766091346741e-11,0.0
240,2,0.0,0.0
241,2,2.9103830456733704e-11,0.0
242,2,0.0,0.0
243,2,0.0,0.0
244,2,0.0,0.0
245,2,0.0,0.0
246,2,0.0,0.0
247,2,1.4551915228366852e-11,0.0
248,2,2.9103830456733704e-11,0.0
249,2,0.0,0.0
250,2,5.820766091346741e-11,0.0
251,2,5.820766091346741e-11,0.0
252,2,0.0,0.0
253,2,5.820766091346741e-11,0.0
254,2,0.0,0.0
255,2,0.0,0.0
256,2,0.0,0.0
257,2,0.0,0.0
258,2,0.0,0.0
259,2,0.0,0.0
260,2,0.0,0.0
261,2,0.0,58664.27485604424
262,2,0.0,0.0
263,2,0.0,0.0
264,2,0.0,0.0
265,2,0.0,0.0
266,2,0.0,0.0
267,2,1.4551915228366852e-11,0.0
268,2,0.0,0.0
269,2,0.0,0.0
270,2,0.0,0.0
271,2,0.0,0.0
272,2,0.0,13630.572339633916
273,2,0.0,25972.387464507658
274,2,0.0,0.0
275,2,5.820766091346741e-11,0.0
276,2,0.0,0.0
277,2,0.0,0.0
278,2,0.0,0.0
279,2,0.0,0.0
280,2,0.0,0.0
281,2,0.0,0.0
282,2,0.0,81277.8302382527
283,2,0.0,63571.795544679975
284,2,0.0,2434.6590478749713
285,2,0.0,65571.48433560555
286,2,0.0,108824.05005219075
287,2,1.4551915228366852e-11,155150.11188592354
288,2,0.0,204773.3480903819
289,2,0.0,204083.98824929027
290,2,0.0,207708.90379238682
291,2,0.0,209680.63400725875
292,2,0.0,223502.59900667268
293,2,0.0,252037.15645072152
294,2,0.0,303481.17125172267
295,2,0.0,362683.4734767172
296,2,0.0,392916.60313122056
297,2,0.0,412569.2417350326
298,2,0.0,425008.86308461864
299,2,0.0,403316.9264002914
300,2,0.0,362363.982361675
301,2,0.0,339959.710683459
302,2,0.0,315204.613242244
303,2,0.0,283957.5663885236
304,2,0.0,261535.0045815286
305,2,0.0,251484.38545104756
306,2,0.0,68535.85823707288
307,2,0.0,0.0
308,2,0.0,0.0
309,2,0.0,0.0
310,2,0.0,0.0
311,2,0.0,0.0
312,2,0.0,0.0
313,2,0.0,0.0
314,2,0.0,0.0
315,2,0.0,0.0
316,2,0.0,0.0
317,2,0.0,0.0
318,2,0.0,0.0
319,2,0.0,0.0
320,2,0.0,108053.46995569326
321,2,0.0,311975.0386779567
322,2,0.0,324582.79644504294
323,2,0.0,386786.8342675087
324,2,0.0,441133.81873977766
325,2,0.0,498085.0
326,2,0.0,498085.0
327,2,0.0,498085.0
328,2,0.0,442983.01471799833
329,2,0.0,490938.899568769
330,2,0.0,418423.26432777446
331,2,0.0,353852.85116239224
332,2,0.0,320357.98775154544
333,2,0.0,279180.9835287459
334,2,0.0,243954.7757584889
335,2,7.275957614183426e-12,138638.68785690694
336,2,0.0,0.0
337,2,0.0,0.0
338,2,0.0,0.0
339,2,0.0,0.0
340,2,0.0,0.0
341,2,5.820766091346741e-11,0.0
342,2,0.0,0.0
343,2,0.0,266843.7068540588
344,2,0.0,307304.66374377126
345,2,0.0,332060.2707749575
346,2,0.0,351812.26399202144
347,2,0.0,377554.63880502194
348,2,0.0,387394.46949706937
349,2,0.0,396582.50197052164
350,2,0.0,398368.076374169
351,2,0.0,401478.2320692467
352,2,0.0,405925.74663250474
353,2,0.0,424840.5314026697
354,2,0.0,431453.8559933447
355,2,0.0,420317.7830931305
356,2,0.0,392539.87573863356
357,2,0.0,369194.5344186823
358,2,0.0,341232.7522522977
359,2,0.0,313056.02674004843
360,2,0.0,292201.09792596445
361,2,0.0,270835.2999518852
362,2,0.0,255246.8805904922
363,2,0.0,255459.78337872348
364,2,0.0,268506.3053916371
365,2,0.0,294848.3662038096
366,2,0.0,343230.7873714689
367,2,0.0,498085.0
368,2,0.0,498085.0
369,2,0.0,498085.0
370,2,0.0,498085.0
371,2,0.0,498085.0
372,2,0.0,412161.64778005984
373,2,0.0,373413.10474513937
374,2,0.0,356197.5124351562
375,2,0.0,343870.99574740714
376,2,0.0,340193.09353039274
377,2,0.0,360460.81705601193
378,2,0.0,363759.36150177347
379,2,0.0,343935.8742038569
380,2,0.0,330730.5998051682
381,2,0.0,314846.6323021294
382,2,0.0,293567.8425047641
383,2,0.0,245696.80119703346
384,2,0.0,218018.6731732582
385,2,0.0,195907.22582010156
386,2,0.0,172816.54599718738
387,2,0.0,163369.91097273404
388,2,0.0,152725.53688191896
389,2,0.0,166697.9519280497
390,2,0.0,185146.16535570053
391,2,0.0,216273.94879898982
392,2,0.0,251791.31498782325
393,2,0.0,283688.6780319901
394,2,0.0,293282.267178493
395,2,0.0,282261.4048694968
396,2,0.0,269240.02795809397
397,2,0.0,257452.72211261262
398,2,0.0,235004.42355495942
399,2,0.0,235003.95218513667
400,2,0.0,261034.4068479495
401,2,0.0,312511.5131237132
402,2,0.0,347114.5263638938
403,2,0.0,360428.0378597785
404,2,0.0,348761.0057298285
405,2,0.0,338997.1249627438
406,2,0.0,316960.6483311361
407,2,0.0,284738.00949945085
408,2,0.0,255435.39461605716
409,2,0.0,233199.5497120213
410,2,0.0,221212.69837667042
411,2,0.0,231999.8184689625
412,2,0.0,232449.86390298404
413,2,0.0,250049.6382734381
414,2,0.0,255351.05776787567
415,2,0.0,274535.559862825
416,2,0.0,314070.0933258796
417,2,0.0,322533.87996040966
418,2,0.0,350466.92808653315
419,2,0.0,285822.06696065457
420,2,0.0,254050.70572145373
421,2,0.0,254701.29230896072
422,2,0.0,236216.38611411987
423,2,0.0,211551.78174599062
424,2,0.0,0.0
425,2,0.0,0.0
426,2,5.820766091346741e-11,0.0
427,2,0.0,0.0
428,2,0.0,0.0
429,2,0.0,0.0
430,2,0.0,0.0
431,2,0.0,0.0
432,2,0.0,0.0
433,2,0.0,0.0
434,2,0.0,0.0
435,2,0.0,0.0
436,2,0.0,0.0
437,2,5.820766091346741e-11,0.0
438,2,0.0,0.0
439,2,0.0,22138.413656919933
440,2,0.0,184519.40545365465
441,2,0.0,300162.2267156856
442,2,0.0,312632.89615796733
443,2,2.000888343900442e-11,274074.9010693405
444,2,0.0,288732.296414703
445,2,0.0,298954.9687282966
446,2,0.0,316530.1220253888
447,2,0.0,308301.7198152449
448,2,0.0,297617.8775600525
449,2,0.0,304967.217608224
450,2,0.0,306276.6662142881
451,2,0.0,295024.71734418377
452,2,0.0,284596.5972498115
453,2,0.0,268481.9091553388
454,2,0.0,252768.22463338944
455,2,0.0,230680.77988191985
456,2,0.0,214342.44219272226
457,2,0.0,202158.69746518077
458,2,0.0,200398.27961595898
459,2,0.0,208331.2319607713
460,2,0.0,220603.13425285352
461,2,0.0,241866.9957137562
462,2,0.0,297921.67275748367
463,2,0.0,364448.9724293058
464,2,0.0,393859.5878027954
465,2,0.0,406983.4083042728
466,2,0.0,414238.84218982916
467,2,0.0,414639.7010371398
468,2,0.0,412818.05335583433
469,2,0.0,417833.16689625394
470,2,0.0,416203.94465707446
471,2,0.0,413269.45101165253
472,2,0.0,424116.618364191
473,2,0.0,498084.99999999994
474,2,0.0,498085.0
475,2,0.0,498085.0
476,2,0.0,498085.0
477,2,0.0,382363.3519726786
478,2,0.0,348726.88604590757
479,2,0.0,318843.357487704
480,2,0.0,293778.7756852634
481,2,0.0,266091.5892292542
482,2,0.0,245871.4165696449
483,2,0.0,240695.90158271012
484,2,0.0,232307.28513248835
485,2,0.0,244174.2745463128
486,2,0.0,293597.1383410042
487,2,0.0,356965.1064878795
488,2,0.0,374484.6246354418
489,2,0.0,375642.6125243271
490,2,0.0,373090.8753111288
491,2,0.0,375306.12614811014
492,2,0.0,364641.44933009724
493,2,0.0,374146.41249704483
494,2,0.0,385843.15018184576
495,2,0.0,381755.11988156685
496,2,0.0,416756.6453768486
497,2,2.1827872842550278e-11,481657.7426628216
498,2,0.0,498085.0
499,2,0.0,498085.0
500,2,0.0,498085.0
501,2,0.0,498085.0
502,2,0.0,437487.432532268
503,2,2.546585164964199e-11,337042.7164753042
504,2,0.0,274238.6597883573
505,2,0.0,267254.8327215818
506,2,0.0,249505.76431267493
507,2,0.0,246074.3124601084
508,2,0.0,277470.57888197905
509,2,0.0,268426.37702638714
510,2,0.0,292274.40317222814
511,2,2.9103830456733704e-11,457422.22563261946
512,2,2.1827872842550278e-11,387747.1169995096
513,2,3.637978807091713e-12,357364.6193271452
514,2,0.0,344887.7823518106
515,2,0.0,336641.39752969274
516,2,0.0,333903.67696402804
517,2,0.0,346825.7378518145
518,2,0.0,335636.1017326836
519,2,0.0,333378.7534708078
520,2,0.0,311542.53447677125
521,2,0.0,345900.38157589216
522,2,0.0,349805.0654581539
523,2,0.0,321228.71896128677
524,2,0.0,288396.7141606208
525,2,0.0,195691.8504509373
526,2,0.0,0.0
527,2,0.0,0.0
528,2,0.0,0.0
529,2,0.0,0.0
530,2,0.0,0.0
531,2,0.0,0.0
532,2,0.0,0.0
533,2,0.0,110297.49669695194
534,2,0.0,315341.9035048172
535,2,0.0,363256.16917923675
536,2,0.0,353605.61348382477
537,2,0.0,355583.60084139503
538,2,0.0,365093.8387978189
539,2,0.0,356355.1820714787
540,2,0.0,349302.4229201482
541,2,0.0,350759.5598141943
542,2,0.0,347027.12217707897
543,2,0.0,340905.1372997584
544,2,0.0,350216.3540719631
545,2,0.0,372271.79896306054
546,2,0.0,365477.8195465175
547,2,0.0,326874.9662301324
548,2,0.0,289322.99008003925
549,2,0.0,293513.26566490653
550,2,0.0,275807.2046324592
551,2,0.0,262312.2068237857
552,2,0.0,194920.5772239065
553,2,0.0,174637.9408365892
554,2,0.0,38912.606936272
555,2,0.0,0.0
556,2,0.0,0.0
557,2,0.0,75883.02367200919
558,2,0.0,192418.85779679642
559,2,0.0,209770.2493972903
560,2,0.0,265322.5632366199
561,2,0.0,261726.8623455207
562,2,0.0,263493.47622324736
563,2,0.0,258136.465559978
564,2,0.0,258323.99212415406
565,2,0.0,259347.4836794884
566,2,0.0,272049.1951794432
567,2,0.0,277739.0365089152
568,2,0.0,254023.6089800048
569,2,0.0,294400.5726848253
570,2,0.0,301872.54482385877
571,2,0.0,244841.15284677522
572,2,1.4551915228366852e-11,167025.93341947894
573,2,0.0,28727.366139879567
574,2,0.0,0.0
575,2,0.0,0.0
576,2,0.0,0.0
577,2,0.0,0.0
578,2,5.820766091346741e-11,0.0
579,2,0.0,0.0
580,2,0.0,0.0
581,2,2.9103830456733704e-11,0.0
582,2,0.0,0.0
583,2,0.0,0.0
584,2,0.0,0.0
585,2,0.0,0.0
586,2,0.0,0.0
587,2,0.0,0.0
588,2,0.0,0.0
589,2,0.0,0.0
590,2,0.0,0.0
591,2,0.0,0.0
592,2,0.0,223991.6645861074
593,2,0.0,281303.3786154941
594,2,0.0,304052.5412078383
595,2,0.0,284606.87399636867
596,2,0.0,247202.89415959135
597,2,0.0,0.0
598,2,0.0,0.0
599,2,0.0,0.0
600,2,0.0,0.0
601,2,0.0,0.0
602,2,2.8421709430404007e-12,0.0
603,2,0.0,0.0
604,2,0.0,0.0
605,2,0.0,0.0
606,2,0.0,0.0
607,2,0.0,0.0
608,2,0.0,0.0
609,2,0.0,184312.14433524417
610,2,0.0,176437.30470414192
611,2,0.0,187248.9920013856
612,2,0.0,193716.3773810637
613,2,0.0,194942.53424789538
614,2,0.0,196450.89761773322
615,2,0.0,189682.13716788084
616,2,0.0,190082.13276250396
617,2,0.0,203364.63436246547
618,2,0.0,247763.64385874357
619,2,0.0,233572.00450613155
620,2,0.0,203212.68139087287
621,2,0.0,177297.53371894662
622,2,0.0,152135.7534632327
623,2,0.0,128186.51616195744
624,2,0.0,122429.6743967997
625,2,0.0,123250.30353915863
626,2,0.0,0.0
627,2,0.0,0.0
628,2,0.0,0.0
629,2,1.4551915228366852e-11,0.0
630,2,0.0,0.0
631,2,0.0,0.0
632,2,0.0,0.0
633,2,0.0,21837.648099813494
634,2,0.0,0.0
635,2,0.0,0.0
636,2,0.0,0.0
637,2,0.0,0.0
638,2,0.0,0.0
639,2,0.0,0.0
640,2,0.0,0.0
641,2,0.0,0.0
642,2,0.0,332104.1494015213
643,2,0.0,82467.30429012375
644,2,0.0,0.0
645,2,0.0,0.0
646,2,0.0,0.0
647,2,0.0,0.0
648,2,0.0,0.0
649,2,0.0,0.0
650,2,0.0,0.0
651,2,0.0,0.0
652,2,0.0,207546.53909094702
653,2,0.0,232983.63189850646
654,2,0.0,143439.0387745474
655,2,0.0,331850.7511219058
656,2,0.0,398691.94641492015
657,2,0.0,403050.2940281078
658,2,0.0,398097.62965239387
659,2,0.0,400009.8261010997
660,2,0.0,389139.9778472257
661,2,0.0,328252.317710477
662,2,3.637978807091713e-12,339765.5946995509
663,2,0.0,360316.03127371066
664,2,0.0,373311.26721217
665,2,0.0,384538.65710290615
666,2,0.0,427493.3811779907
667,2,0.0,399969.52211197687
668,2,0.0,368527.60648051713
669,2,0.0,344448.71735867125
670,2,0.0,322876.6389799601
671,2,0.0,300128.2503795144
672,2,0.0,269550.95347666054
673,2,0.0,258836.96164531243
674,2,0.0,250305.07714775225
675,2,0.0,235690.68626622792
676,2,0.0,251498.86808553553
677,2,0.0,235188.56431715772
678,2,0.0,259580.38888838873
679,2,0.0,308373.6438243526
680,2,0.0,351406.5190275937
681,2,0.0,384612.182009541
682,2,0.0,412384.7186460647
683,2,0.0,435368.4388251497
684,2,0.0,419156.1453605137
685,2,2.9103830456733704e-11,494955.6368543616
686,2,0.0,467412.6157040095
687,2,0.0,498085.0
688,2,0.0,363992.8525352569
689,2,0.0,358719.92212678585
690,2,0.0,498084.99999999994
691,2,0.0,498084.99999999994
692,2,0.0,498085.0
693,2,7.275957614183426e-12,407076.3765265343
694,2,0.0,335278.81378291757
695,2,0.0,320217.76411480404
696,2,0.0,301726.7493989943
697,2,0.0,296182.1145839512
698,2,0.0,296097.1253086922
699,2,0.0,333104.23334195995
700,2,0.0,302144.77275704447
701,2,0.0,330646.2881281503
702,2,0.0,347131.7409142048
703,2,0.0,426481.5587887229
704,2,0.0,469427.76166218985
705,2,0.0,474419.7259590914
706,2,0.0,450712.3076656989
707,2,0.0,470481.7347225211
708,2,0.0,462887.2618942882
709,2,0.0,479941.81702453975
710,2,0.0,473471.6656053221
711,2,0.0,448516.33315843897
712,2,0.0,431043.537131573
713,2,0.0,443027.0818378965
714,2,0.0,444361.0811862439
715,2,0.0,419237.1099375079
716,2,0.0,373785.5632323495
717,2,0.0,344160.03944156907
718,2,0.0,317512.4129707432
719,2,0.0,275935.04414257273
720,2,0.0,244270.75356131623
721,2,0.0,217589.0260199921
722,2,0.0,202056.38609335318
723,2,0.0,190262.75438093964
724,2,0.0,189777.79909972017
725,2,0.0,196887.83672221907
726,2,0.0,213239.4058723341
727,2,0.0,238800.7694340141
728,2,0.0,270372.3388231876
729,2,0.0,298022.071665011
730,2,0.0,310551.468584041
731,2,0.0,322399.0961670605
732,2,0.0,329330.8282533955
733,2,0.0,327701.47088651266
734,2,0.0,324337.4059168797
735,2,0.0,336888.9648835225
736,2,0.0,348478.8723226973
737,2,0.0,371925.8905170125
738,2,0.0,414543.64396684064
739,2,0.0,397998.67945533316
740,2,0.0,377063.4866626889
741,2,0.0,362681.0707790809
742,2,0.0,339010.01641447126
743,2,0.0,306409.24980361905
744,2,0.0,266540.89741737413
745,2,0.0,193134.80326152113
1,3,0.0,0.0
2,3,0.0,0.0
3,3,0.0,0.0
4,3,1.4551915228366852e-11,222379.59673737123
5,3,0.0,443800.67075453023
6,3,0.0,595152.3595751679
7,3,0.0,712656.8984432215
8,3,0.0,726268.2735299324
9,3,0.0,714333.9212135626
10,3,0.0,763506.5033505079
11,3,0.0,696481.8013652962
12,3,0.0,566080.686112657
13,3,0.0,428154.6056602971
14,3,0.0,274609.5008969201
15,3,0.0,146137.89960909705
16,3,0.0,125524.07042847842
17,3,0.0,77212.35811537341
18,3,0.0,27743.56805458886
19,3,0.0,9262.890199081856
20,3,0.0,0.0
21,3,0.0,0.0
22,3,0.0,0.0
23,3,0.0,0.0
24,3,0.0,0.0
25,3,0.0,0.0
26,3,0.0,0.0
27,3,0.0,0.0
28,3,0.0,0.0
29,3,0.0,0.0
30,3,0.0,0.0
31,3,0.0,0.0
32,3,0.0,0.0
33,3,0.0,0.0
34,3,0.0,0.0
35,3,0.0,0.0
36,3,0.0,0.0
37,3,0.0,0.0
38,3,0.0,0.0
39,3,0.0,0.0
40,3,0.0,0.0
41,3,0.0,0.0
42,3,0.0,0.0
43,3,0.0,0.0
44,3,0.0,0.0
45,3,0.0,0.0
46,3,0.0,0.0
47,3,0.0,0.0
48,3,0.0,0.0
49,3,0.0,0.0
50,3,0.0,0.0
51,3,0.0,58848.07352878956
52,3,0.0,126331.92808823066
53,3,0.0,241848.8650114244
54,3,0.0,325060.046431546
55,3,0.0,406889.37000204273
56,3,0.0,490013.2325919293
57,3,0.0,566032.4785810224
58,3,0.0,596503.7424638531
59,3,0.0,545522.4605298492
60,3,0.0,531719.9815376308
61,3,0.0,539809.9091505413
62,3,0.0,538557.3657025677
63,3,0.0,560328.1704940842
64,3,5.093170329928398e-11,646627.7316911671
65,3,0.0,933859.0
66,3,0.0,933859.0
67,3,5.820766091346741e-11,851508.1103873182
68,3,0.0,655727.3026880963
69,3,0.0,441762.6153613657
70,3,0.0,300546.25114589575
71,3,0.0,144546.8172353364
72,3,0.0,34882.34899923182
73,3,0.0,0.0
74,3,0.0,0.0
75,3,0.0,0.0
76,3,0.0,0.0
77,3,0.0,5619.879087713023
78,3,0.0,45508.320400134835
79,3,0.0,38031.610435165465
80,3,0.0,64585.380689346
81,3,0.0,39169.9854864059
82,3,4.547473508864641e-13,23758.88234392986
83,3,0.0,0.0
84,3,0.0,0.0
85,3,0.0,110100.156182546
86,3,0.0,112868.70544156598
87,3,0.0,142557.1848019256
88,3,0.0,130603.99464057281
89,3,0.0,73432.91776420723
90,3,0.0,0.0
91,3,0.0,0.0
92,3,0.0,0.0
93,3,0.0,0.0
94,3,0.0,0.0
95,3,0.0,0.0
96,3,0.0,0.0
97,3,0.0,0.0
98,3,0.0,0.0
99,3,0.0,0.0
100,3,0.0,0.0
101,3,0.0,0.0
102,3,0.0,0.0
103,3,0.0,55368.28421994648
104,3,0.0,47536.59825238597
105,3,0.0,32874.826187800965
106,3,0.0,67147.09078536776
107,3,0.0,145035.87141252728
108,3,0.0,282323.0383516854
109,3,0.0,428966.81823770894
110,3,1.4551915228366852e-11,433332.80779769964
111,3,0.0,403035.80872400576
112,3,0.0,375306.430776637
113,3,0.0,339610.63335362147
114,3,0.0,196944.70308472821
115,3,0.0,108396.94672491867
116,3,0.0,99695.52739803109
117,3,0.0,116241.95820815826
118,3,0.0,101255.43969812675
119,3,0.0,91996.44174908393
120,3,0.0,68242.72243582178
121,3,0.0,67845.3932430768
122,3,0.0,32575.14522734098
123,3,0.0,4278.95216414117
124,3,0.0,18109.91995559656
125,3,0.0,49089.21936659305
126,3,0.0,112333.25178738812
127,3,0.0,153018.83075629303
128,3,0.0,263214.9403687145
129,3,0.0,278593.38772662653
130,3,0.0,312739.0895817753
131,3,0.0,337205.53872251185
132,3,2.9103830456733704e-11,294720.06813896523
133,3,0.0,430772.3913573695
134,3,0.0,447374.0548179387
135,3,0.0,196495.0319803576
136,3,0.0,105347.24036165478
137,3,0.0,62955.10174926382
138,3,0.0,0.0
139,3,0.0,0.0
140,3,0.0,0.0
141,3,0.0,0.0
142,3,0.0,58837.419959256076
143,3,0.0,139414.4432230767
144,3,0.0,186140.8469151355
145,3,0.0,202856.0047079494
146,3,0.0,217261.18239179894
147,3,0.0,242052.32130603702
148,3,0.0,284257.9499445938
149,3,0.0,383509.531137655
150,3,0.0,675731.1032732539
151,3,0.0,933859.0
152,3,0.0,933859.0
153,3,0.0,933858.9999999999
154,3,0.0,933858.9999999999
155,3,0.0,933859.0
156,3,0.0,933859.0
157,3,0.0,933859.0
158,3,0.0,933859.0
159,3,0.0,892885.4342358545
160,3,0.0,815681.7945689645
161,3,0.0,757068.9423421037
162,3,0.0,415427.8802569585
163,3,0.0,19425.235287975847
164,3,0.0,0.0
165,3,0.0,0.0
166,3,0.0,0.0
167,3,0.0,0.0
168,3,0.0,0.0
169,3,0.0,0.0
170,3,0.0,0.0
171,3,0.0,0.0
172,3,0.0,0.0
173,3,0.0,0.0
174,3,0.0,0.0
175,3,0.0,0.0
176,3,0.0,0.0
177,3,0.0,103405.36367654102
178,3,0.0,95108.25007548742
179,3,0.0,23195.430158574367
180,3,0.0,16793.96409039572
181,3,0.0,0.0
182,3,0.0,0.0
183,3,0.0,17906.313175770803
184,3,0.0,30389.163091558847
185,3,0.0,62137.0902154583
186,3,0.0,0.0
187,3,0.0,0.0
188,3,0.0,0.0
189,3,0.0,0.0
190,3,0.0,0.0
191,3,0.0,0.0
192,3,0.0,0.0
193,3,0.0,0.0
194,3,0.0,0.0
195,3,0.0,0.0
196,3,0.0,0.0
197,3,0.0,0.0
198,3,0.0,0.0
199,3,0.0,0.0
200,3,0.0,0.0
201,3,0.0,0.0
202,3,0.0,0.0
203,3,0.0,0.0
204,3,0.0,0.0
205,3,0.0,0.0
206,3,0.0,0.0
207,3,0.0,0.0
208,3,0.0,24961.329956935253
209,3,0.0,164466.6840693017
210,3,0.0,238803.1589579453
211,3,0.0,261035.2125693687
212,3,0.0,237289.56053864816
213,3,0.0,171830.0905060349
214,3,0.0,77160.84143038222
215,3,0.0,0.0
216,3,0.0,0.0
217,3,0.0,0.0
218,3,0.0,0.0
219,3,0.0,0.0
220,3,0.0,0.0
221,3,0.0,0.0
222,3,0.0,0.0
223,3,0.0,0.0
224,3,0.0,0.0
225,3,0.0,0.0
226,3,0.0,0.0
227,3,0.0,0.0
228,3,0.0,0.0
229,3,0.0,0.0
230,3,0.0,0.0
231,3,0.0,0.0
232,3,0.0,0.0
233,3,0.0,0.0
234,3,0.0,0.0
235,3,0.0,0.0
236,3,0.0,0.0
237,3,0.0,0.0
238,3,35429.72211815632,0.0
239,3,123101.86512802227,0.0
240,3,181128.3920463965,0.0
241,3,426742.2389061097,0.0
242,3,622653.6772069265,0.0
243,3,738728.196156697,0.0
244,3,747363.5894695389,0.0
245,3,754981.6375624276,0.0
246,3,695976.6700493105,0.0
247,3,565773.5863010751,0.0
248,3,421494.96231462096,0.0
249,3,295218.01417114027,0.0
250,3,130189.15577012557,0.0
251,3,119395.49914692855,0.0
252,3,107865.88710809057,0.0
253,3,25192.29639634164,0.0
254,3,18547.11049114191,0.0
255,3,58462.79305531632,0.0
256,3,0.0,0.0
257,3,0.0,0.0
258,3,0.0,0.0
259,3,0.0,0.0
260,3,0.0,0.0
261,3,0.0,0.0
262,3,0.0,0.0
263,3,195888.92332561105,0.0
264,3,360782.46932828607,0.0
265,3,358019.99417738535,0.0
266,3,346630.1683262183,0.0
267,3,223832.5710886896,0.0
268,3,128635.45998467616,0.0
269,3,0.0,0.0
270,3,0.0,0.0
271,3,0.0,0.0
272,3,0.0,0.0
273,3,0.0,0.0
274,3,0.0,0.0
275,3,0.0,0.0
276,3,0.0,0.0
277,3,0.0,0.0
278,3,0.0,0.0
279,3,0.0,0.0
280,3,0.0,0.0
281,3,0.0,0.0
282,3,0.0,0.0
283,3,0.0,0.0
284,3,0.0,0.0
285,3,0.0,0.0
286,3,0.0,0.0
287,3,0.0,0.0
288,3,0.0,0.0
289,3,0.0,43736.52996805665
290,3,0.0,102229.1583541013
291,3,0.0,163648.56348444987
292,3,0.0,219602.11699333205
293,3,0.0,286010.2954268598
294,3,0.0,366755.4827064669
295,3,0.0,444182.4216575322
296,3,0.0,421687.8486772309
297,3,0.0,441132.811918762
298,3,0.0,724400.3692559833
299,3,0.0,644454.2163879835
300,3,0.0,449667.7977441993
301,3,0.0,230027.69461778863
302,3,0.0,31299.46235805872
303,3,0.0,0.0
304,3,0.0,0.0
305,3,0.0,0.0
306,3,0.0,0.0
307,3,0.0,0.0
308,3,0.0,0.0
309,3,0.0,0.0
310,3,32028.690217136405,0.0
311,3,298576.3890269159,0.0
312,3,403611.330917164,0.0
313,3,534159.2667924701,0.0
314,3,571690.7168145537,0.0
315,3,499464.3146345207,0.0
316,3,506266.63790973416,0.0
317,3,345757.372914355,0.0
318,3,0.0,0.0
319,3,0.0,0.0
320,3,0.0,0.0
321,3,0.0,79812.95786348451
322,3,0.0,430447.39578156214
323,3,0.0,748313.7683565365
324,3,0.0,933859.0
325,3,0.0,933859.0
326,3,0.0,933859.0
327,3,0.0,933859.0
328,3,0.0,933859.0
329,3,0.0,933859.0
330,3,0.0,778808.8349585824
331,3,0.0,278397.9638292318
332,3,0.0,168218.7586104183
333,3,0.0,8481.939312160364
334,3,0.0,0.0
335,3,0.0,0.0
336,3,0.0,0.0
337,3,45134.52776929049,0.0
338,3,128004.23566511733,0.0
339,3,70140.05593695177,0.0
340,3,81491.60247301782,0.0
341,3,0.0,0.0
342,3,0.0,0.0
343,3,0.0,0.0
344,3,0.0,82428.11439538607
345,3,0.0,221393.78587097
346,3,0.0,311018.60209871613
347,3,0.0,367161.3967591669
348,3,0.0,358911.32452885155
349,3,0.0,360721.2566406323
350,3,0.0,356107.1397520202
351,3,0.0,423399.87104319513
352,3,0.0,405062.5469206375
353,3,0.0,396586.84631525946
354,3,0.0,397470.3918013093
355,3,0.0,390509.62420268304
356,3,0.0,299372.69453495904
357,3,0.0,266008.7982767885
358,3,0.0,287248.8049921745
359,3,0.0,283310.54274862027
360,3,0.0,282537.226907885
361,3,0.0,296261.423084145
362,3,0.0,305748.7075737371
363,3,0.0,327417.6024049305
364,3,0.0,370557.5659205417
365,3,0.0,430540.1631408731
366,3,0.0,754756.2159586092
367,3,0.0,933859.0
368,3,0.0,933859.0
369,3,0.0,933859.0
370,3,0.0,933858.9999999999
371,3,0.0,933859.0
372,3,0.0,933859.0
373,3,0.0,804057.3654434406
374,3,0.0,679628.5162590998
375,3,0.0,604643.0570653438
376,3,0.0,568429.0282931123
377,3,0.0,722587.4807756125
378,3,5.820766091346741e-11,744261.3708474599
379,3,0.0,569569.8211675833
380,3,0.0,380653.4004832995
381,3,3.637978807091713e-12,131880.61594800645
382,3,0.0,0.0
383,3,0.0,0.0
384,3,0.0,0.0
385,3,0.0,0.0
386,3,0.0,0.0
387,3,0.0,0.0
388,3,0.0,0.0
389,3,0.0,0.0
390,3,0.0,0.0
391,3,0.0,9989.81508873729
392,3,0.0,98135.79477866809
393,3,0.0,143841.80689962907
394,3,0.0,79395.97039543418
395,3,0.0,19367.5276003842
396,3,0.0,0.0
397,3,0.0,0.0
398,3,0.0,0.0
399,3,0.0,0.0
400,3,0.0,29982.225587622263
401,3,0.0,172236.29266118084
402,3,0.0,295559.5985805981
403,3,0.0,380097.0566687081
404,3,0.0,398310.6559096671
405,3,0.0,376291.53259084857
406,3,0.0,269011.84444633796
407,3,0.0,124448.05721197842
408,3,0.0,10079.162532493297
409,3,0.0,0.0
410,3,0.0,0.0
411,3,0.0,0.0
412,3,0.0,0.0
413,3,0.0,19873.858205323922
414,3,0.0,24881.60966965172
415,3,0.0,19339.658726234687
416,3,0.0,56824.414205331355
417,3,0.0,61703.0768509045
418,3,0.0,74680.15519158798
419,3,0.0,0.0
420,3,0.0,0.0
421,3,0.0,0.0
422,3,0.0,0.0
423,3,0.0,0.0
424,3,0.0,0.0
425,3,0.0,0.0
426,3,0.0,0.0
427,3,0.0,0.0
428,3,49888.34494872601,0.0
429,3,136798.61575359758,0.0
430,3,312801.32840566855,0.0
431,3,451322.7731241953,0.0
432,3,535169.8928426942,0.0
433,3,564206.4497033604,0.0
434,3,525181.5508834599,0.0
435,3,417428.011157732,0.0
436,3,235431.87369158323,0.0
437,3,0.0,0.0
438,3,0.0,0.0
439,3,0.0,0.0
440,3,0.0,0.0
441,3,0.0,0.0
442,3,0.0,0.0
443,3,0.0,0.0
444,3,0.0,0.0
445,3,0.0,11914.658346772427
446,3,0.0,89943.64696730254
447,3,0.0,116820.1913009343
448,3,0.0,173453.4406878017
449,3,0.0,263333.8496114523
450,3,0.0,236518.21315944626
451,3,0.0,157090.8516755614
452,3,0.0,49532.728561179945
453,3,0.0,0.0
454,3,0.0,0.0
455,3,0.0,0.0
456,3,0.0,0.0
457,3,0.0,0.0
458,3,0.0,0.0
459,3,0.0,0.0
460,3,0.0,0.0
461,3,0.0,0.0
462,3,0.0,4659.992923869984
463,3,0.0,158294.0472373293
464,3,0.0,265149.67071894277
465,3,0.0,344610.91579757235
466,3,1.8189894035458565e-11,430466.15884545224
467,3,0.0,418366.9158025335
468,3,0.0,431253.03577564115
469,3,2.1827872842550278e-11,571705.3595680076
470,3,0.0,712723.8057644451
471,3,2.9103830456733704e-11,809352.4575631643
472,3,0.0,933859.0
473,3,0.0,933859.0
474,3,0.0,933859.0
475,3,0.0,933858.9999999999
476,3,0.0,933859.0
477,3,0.0,929484.772323186
478,3,1.4551915228366852e-11,686404.8164188598
479,3,0.0,522183.8131279496
480,3,0.0,458248.1575389926
481,3,0.0,342375.9178734274
482,3,0.0,253067.72974133532
483,3,0.0,227486.03966303723
484,3,0.0,154389.33503580245
485,3,0.0,138857.80386153096
486,3,0.0,200724.6518055885
487,3,2.1827872842550278e-11,346956.2350466702
488,3,0.0,472585.1653020999
489,3,0.0,602972.8193470415
490,3,0.0,679008.3335229163
491,3,0.0,647723.3516555862
492,3,5.820766091346741e-11,596808.6268835145
493,3,0.0,599890.4693570444
494,3,0.0,610707.5857626396
495,3,0.0,580020.9479387394
496,3,0.0,797055.5996772202
497,3,0.0,933859.0
498,3,0.0,933859.0
499,3,0.0,933859.0
500,3,0.0,933859.0
501,3,0.0,933859.0
502,3,0.0,933859.0
503,3,5.820766091346741e-11,933858.9999999999
504,3,0.0,778470.2446921195
505,3,2.9103830456733704e-11,757759.9210494745
506,3,5.820766091346741e-11,665431.0068068712
507,3,2.9103830456733704e-11,623428.9471018733
508,3,0.0,742797.3412703422
509,3,2.9103830456733704e-11,665487.5073224733
510,3,0.0,830235.8393186737
511,3,0.0,933859.0
512,3,0.0,933859.0
513,3,5.820766091346741e-11,933858.9999999999
514,3,0.0,752409.7262928338
515,3,0.0,417895.13323909213
516,3,0.0,230577.84614208457
517,3,0.0,72780.67764462752
518,3,0.0,0.0
519,3,0.0,0.0
520,3,0.0,0.0
521,3,0.0,0.0
522,3,0.0,0.0
523,3,0.0,0.0
524,3,0.0,0.0
525,3,0.0,0.0
526,3,0.0,0.0
527,3,0.0,0.0
528,3,0.0,0.0
529,3,0.0,0.0
530,3,0.0,0.0
531,3,0.0,0.0
532,3,0.0,0.0
533,3,0.0,0.0
534,3,0.0,95568.54234526248
535,3,0.0,223999.71830047516
536,3,0.0,207172.46723207226
537,3,0.0,187775.9153199565
538,3,0.0,191200.2973167497
539,3,0.0,139882.34073333582
540,3,0.0,144062.50388745277
541,3,0.0,218751.48488247057
542,3,0.0,280304.91888639674
543,3,0.0,342700.45803632296
544,3,0.0,382879.3183225495
545,3,0.0,501747.6667310165
546,3,0.0,518838.0351736775
547,3,0.0,436806.2886764365
548,3,0.0,312271.82466616714
549,3,0.0,276741.73568978126
550,3,0.0,251082.23771058215
551,3,0.0,256877.56304412748
552,3,0.0,118712.45293640328
553,3,0.0,0.0
554,3,0.0,0.0
555,3,0.0,0.0
556,3,0.0,0.0
557,3,0.0,0.0
558,3,0.0,0.0
559,3,0.0,11308.163858761662
560,3,0.0,54823.954597893986
561,3,0.0,20507.136681131553
562,3,0.0,48121.79413438274
563,3,0.0,143384.93016381352
564,3,0.0,154593.29559183796
565,3,0.0,101243.15884809941
566,3,0.0,116441.23578188999
567,3,0.0,135454.85780349083
568,3,0.0,43903.20640529611
569,3,0.0,21261.735833294108
570,3,0.0,0.0
571,3,0.0,0.0
572,3,0.0,0.0
573,3,0.0,0.0
574,3,0.0,0.0
575,3,0.0,0.0
576,3,100369.34523875907,0.0
577,3,268032.09912267164,0.0
578,3,354631.9571885635,0.0
579,3,360375.11929737224,0.0
580,3,374972.05003218196,0.0
581,3,299287.59349699976,0.0
582,3,216642.13949813362,0.0
583,3,33834.81334827241,0.0
584,3,0.0,0.0
585,3,0.0,0.0
586,3,0.0,0.0
587,3,0.0,0.0
588,3,0.0,0.0
589,3,0.0,0.0
590,3,0.0,0.0
591,3,0.0,0.0
592,3,0.0,51943.128402095055
593,3,0.0,164061.3200757288
594,3,0.0,102057.47536032682
595,3,0.0,0.0
596,3,0.0,0.0
597,3,0.0,0.0
598,3,81775.77252435556,0.0
599,3,355845.6029777882,0.0
600,3,632292.4596983163,0.0
601,3,788138.1945392169,0.0
602,3,891001.555130526,0.0
603,3,904454.7107704493,0.0
604,3,907755.9653501519,0.0
605,3,880550.407965396,0.0
606,3,710422.4119806846,0.0
607,3,145921.91559028387,0.0
608,3,0.0,0.0
609,3,0.0,0.0
610,3,0.0,157227.63597642153
611,3,0.0,365668.3459064044
612,3,2.9103830456733704e-11,486664.1188652571
613,3,2.9103830456733704e-11,532119.2315506735
614,3,0.0,606436.5503845708
615,3,0.0,548745.90469256
616,3,0.0,445549.2669340201
617,3,2.9103830456733704e-11,498688.68575362954
618,3,0.0,904429.0839259155
619,3,5.820766091346741e-11,913442.0898979572
620,3,0.0,791292.3314385468
621,3,0.0,715222.8984364282
622,3,0.0,530661.370338503
623,3,9.094947017729282e-12,163871.08595837036
624,3,0.0,0.0
625,3,0.0,0.0
626,3,0.0,0.0
627,3,126353.64973584528,0.0
628,3,499619.10758307524,0.0
629,3,357311.0527449862,0.0
630,3,162727.38180359965,0.0
631,3,0.0,0.0
632,3,0.0,0.0
633,3,0.0,0.0
634,3,0.0,0.0
635,3,0.0,0.0
636,3,0.0,0.0
637,3,0.0,0.0
638,3,0.0,0.0
639,3,0.0,0.0
640,3,0.0,0.0
641,3,0.0,0.0
642,3,0.0,0.0
643,3,0.0,0.0
644,3,0.0,0.0
645,3,0.0,0.0
646,3,0.0,0.0
647,3,0.0,0.0
648,3,0.0,0.0
649,3,0.0,0.0
650,3,0.0,0.0
651,3,0.0,0.0
652,3,0.0,0.0
653,3,0.0,0.0
654,3,0.0,0.0
655,3,0.0,164344.88596914682
656,3,5.820766091346741e-11,601764.4211125013
657,3,0.0,601996.4038892917
658,3,0.0,504691.4233914564
659,3,5.820766091346741e-11,402615.9049315669
660,3,1.4551915228366852e-11,148714.49446620425
661,3,0.0,0.0
662,3,0.0,0.0
663,3,0.0,103654.10141902394
664,3,0.0,284405.3485904635
665,3,0.0,380001.8258339091
666,3,5.820766091346741e-11,708222.1336246021
667,3,0.0,602839.1210228071
668,3,0.0,471440.9862184211
669,3,0.0,402006.4997625518
670,3,0.0,323903.03970217
671,3,0.0,315345.13168455183
672,3,0.0,291117.76767909934
673,3,0.0,299439.90115272935
674,3,0.0,310726.96580259944
675,3,0.0,305601.44692688383
676,3,0.0,332958.2280844593
677,3,0.0,300144.08881239203
678,3,0.0,352241.15832476085
679,3,0.0,455628.925562567
680,3,0.0,562422.568388244
681,3,1.4551915228366852e-11,722259.5988268118
682,3,0.0,933859.0
683,3,0.0,933859.0
684,3,0.0,933859.0
685,3,0.0,933859.0
686,3,0.0,933859.0
687,3,0.0,933859.0
688,3,2.9103830456733704e-11,825634.7144257375
689,3,0.0,888942.767699797
690,3,0.0,933859.0
691,3,0.0,933859.0
692,3,0.0,933859.0
693,3,0.0,933859.0
694,3,0.0,830629.5710865459
695,3,0.0,668544.3417499017
696,3,0.0,547923.9006706072
697,3,0.0,529352.3641314992
698,3,0.0,520151.4104017975
699,3,0.0,579507.7080189083
700,3,0.0,519044.2997949888
701,3,0.0,570509.0552702321
702,3,0.0,598282.277483489
703,3,0.0,728682.0391100079
704,3,0.0,844256.103138678
705,3,2.9103830456733704e-11,883676.0958341687
706,3,4.3655745685100555e-11,782137.1561310925
707,3,0.0,854289.6128979343
708,3,5.820766091346741e-11,786648.5413519774
709,3,2.9103830456733704e-11,846263.3886099628
710,3,0.0,814254.303386477
711,3,0.0,723565.7709656367
712,3,0.0,684430.4471356131
713,3,0.0,701130.550587358
714,3,0.0,700878.2171077024
715,3,0.0,659131.6954555819
716,3,0.0,587426.6973897027
717,3,0.0,545882.9004000181
718,3,0.0,498481.8315212169
719,3,0.0,417235.7339869922
720,3,0.0,359366.4039491442
721,3,0.0,323582.7222782911
722,3,0.0,303367.9651816652
723,3,0.0,288737.48725671304
724,3,0.0,308669.80112137616
725,3,0.0,342819.1221109004
726,3,0.0,389517.48774706735
727,3,0.0,453211.0863907934
728,3,0.0,521375.1224490383
729,3,0.0,569122.0793646832
730,3,0.0,595655.6990985668
731,3,0.0,570196.1987526664
732,3,0.0,531751.6839452679
733,3,0.0,537950.0291763943
734,3,0.0,546578.1035482313
735,3,0.0,574527.724349445
736,3,0.0,587492.7819517491
737,3,0.0,619691.136610409
738,3,0.0,671141.3010138492
739,3,0.0,604659.368367213
740,3,0.0,513721.7821340556
741,3,0.0,422688.07279202447
742,3,0.0,302107.2444312221
743,3,0.0,156055.90393571404
744,3,0.0,18976.421011979808
745,3,0.0,0.0
1,4,0.0,0.0
2,4,0.0,0.0
3,4,0.0,0.0
4,4,0.0,0.0
5,4,0.0,68147.2957114265
6,4,0.0,323855.32939586916
7,4,0.0,564561.3080786004
8,4,0.0,735694.8979670638
9,4,0.0,775646.1602744425
10,4,0.0,800384.056940411
11,4,0.0,768269.4798915113
12,4,0.0,654079.5090367248
13,4,0.0,540010.6995048237
14,4,0.0,378723.26801867376
15,4,0.0,166018.89039395133
16,4,0.0,198471.17069647077
17,4,0.0,237207.39581186487
18,4,0.0,196358.60796968115
19,4,0.0,185451.83401318733
20,4,0.0,57606.845464848266
21,4,0.0,0.0
22,4,0.0,0.0
23,4,0.0,0.0
24,4,0.0,0.0
25,4,78781.87356321598,0.0
26,4,241450.04732264366,0.0
27,4,309415.0373775925,0.0
28,4,260067.1506470854,0.0
29,4,16780.101246957085,0.0
30,4,0.0,0.0
31,4,0.0,0.0
32,4,0.0,221349.07320863032
33,4,0.0,16887.327132983046
34,4,0.0,5211.4552003520075
35,4,2.9103830456733704e-11,0.0
36,4,0.0,30355.34593450668
37,4,0.0,0.0
38,4,0.0,1905.582134975819
39,4,0.0,71376.19767540606
40,4,0.0,138856.4402940538
41,4,0.0,272685.18838836893
42,4,0.0,40039.00188118755
43,4,0.0,0.0
44,4,0.0,0.0
45,4,0.0,0.0
46,4,0.0,0.0
47,4,0.0,0.0
48,4,0.0,0.0
49,4,0.0,0.0
50,4,0.0,0.0
51,4,0.0,0.0
52,4,0.0,0.0
53,4,0.0,116949.99998694158
54,4,0.0,250298.12482408038
55,4,0.0,444997.0935920305
56,4,0.0,657596.7411893157
57,4,0.0,774251.3785255526
58,4,0.0,765165.7470677757
59,4,0.0,824282.4720667173
60,4,0.0,815224.5043870176
61,4,0.0,818338.4440207686
62,4,0.0,820051.7326312494
63,4,0.0,845194.9999999999
64,4,0.0,845194.9999999999
65,4,0.0,845194.9999999999
66,4,0.0,845194.9999999999
67,4,0.0,845194.9999999999
68,4,0.0,845194.9999999999
69,4,0.0,845194.9999999999
70,4,0.0,735108.6726920722
71,4,0.0,594085.4095672702
72,4,0.0,507914.9111621247
73,4,0.0,408468.28076378914
74,4,0.0,314846.08543588215
75,4,0.0,257010.66599132918
76,4,0.0,220974.3481479528
77,4,0.0,196483.16967183643
78,4,0.0,151855.84498767182
79,4,0.0,135655.5350774906
80,4,0.0,181118.35741904774
81,4,0.0,93777.22138506442
82,4,0.0,0.0
83,4,0.0,0.0
84,4,0.0,0.0
85,4,0.0,0.0
86,4,0.0,0.0
87,4,0.0,0.0
88,4,0.0,67182.61982899503
89,4,0.0,146556.40033982717
90,4,0.0,80971.68006689692
91,4,0.0,5111.653587021865
92,4,1.8189894035458565e-12,0.0
93,4,0.0,0.0
94,4,0.0,0.0
95,4,0.0,0.0
96,4,0.0,0.0
97,4,0.0,0.0
98,4,0.0,0.0
99,4,0.0,0.0
100,4,0.0,0.0
101,4,0.0,0.0
102,4,0.0,91160.17256502071
103,4,0.0,409313.95772233745
104,4,0.0,509779.2530362039
105,4,0.0,483230.8195733193
106,4,0.0,593034.3243269661
107,4,0.0,765792.6652401601
108,4,0.0,845194.9999999999
109,4,0.0,845194.9999999999
110,4,0.0,845194.9999999999
111,4,0.0,797175.0088363262
112,4,0.0,831291.3761102178
113,4,0.0,845194.9999999999
114,4,0.0,773691.1294232726
115,4,0.0,737426.5999348699
116,4,0.0,744280.364148107
117,4,0.0,753879.7927019955
118,4,0.0,728287.3283062415
119,4,0.0,706793.925363552
120,4,0.0,651318.0577845171
121,4,0.0,627546.2739269205
122,4,0.0,571004.7125170401
123,4,0.0,528532.9217541742
124,4,0.0,554050.9180487395
125,4,0.0,611708.8784789152
126,4,0.0,721375.774126763
127,4,0.0,845194.9999999999
128,4,0.0,845194.9999999999
129,4,0.0,845194.9999999999
130,4,0.0,845194.9999999999
131,4,0.0,845194.9999999999
132,4,0.0,845194.9999999999
133,4,0.0,845194.9999999998
134,4,7.275957614183426e-12,845194.9999999999
135,4,0.0,845194.9999999999
136,4,0.0,822229.5255726997
137,4,0.0,736984.1225442274
138,4,2.1827872842550278e-11,568056.1873872976
139,4,0.0,534613.4975113535
140,4,0.0,516008.07906056143
141,4,3.2741809263825417e-11,571330.9730066048
142,4,0.0,610044.6759446545
143,4,0.0,589896.0025469833
144,4,0.0,545038.6281783117
145,4,0.0,565811.0956792418
146,4,0.0,584480.1485596616
147,4,0.0,589854.1817670083
148,4,0.0,623116.8340884615
149,4,0.0,715933.7594506291
150,4,0.0,845194.9999999999
151,4,0.0,845194.9999999999
152,4,0.0,845194.9999999999
153,4,0.0,845194.9999999999
154,4,0.0,845194.9999999999
155,4,1.8189894035458565e-11,845194.9999999999
156,4,2.9103830456733704e-11,845194.9999999999
157,4,2.9103830456733704e-11,845194.9999999999
158,4,0.0,845194.9999999999
159,4,0.0,845194.9999999999
160,4,0.0,845194.9999999999
161,4,0.0,845194.9999999999
162,4,1.4551915228366852e-11,845194.9999999999
163,4,0.0,845194.9999999999
164,4,0.0,587633.8366555409
165,4,0.0,409447.5436251513
166,4,0.0,106758.01430619572
167,4,0.0,0.0
168,4,0.0,0.0
169,4,0.0,0.0
170,4,188043.17925455282,0.0
171,4,379596.8745851123,0.0
172,4,292928.4430019008,0.0
173,4,77157.45634852891,0.0
174,4,0.0,0.0
175,4,0.0,112267.23666713628
176,4,3.637978807091713e-12,377638.8037905435
177,4,0.0,492378.88485669903
178,4,0.0,389470.40199953294
179,4,0.0,282431.44591294194
180,4,0.0,249179.89138277364
181,4,5.7980287238024175e-12,225845.40604391028
182,4,0.0,185141.34203354016
183,4,0.0,419313.79108356824
184,4,0.0,491631.56258034834
185,4,0.0,589078.7212774593
186,4,1.4551915228366852e-11,486615.39766043413
187,4,0.0,235167.69052429678
188,4,0.0,12844.986991776474
189,4,0.0,128383.58731448415
190,4,0.0,0.0
191,4,0.0,0.0
192,4,0.0,0.0
193,4,0.0,0.0
194,4,0.0,0.0
195,4,0.0,0.0
196,4,0.0,0.0
197,4,1.4551915228366852e-11,0.0
198,4,0.0,0.0
199,4,0.0,230976.40413999045
200,4,0.0,409416.7767796226
201,4,1.4551915228366852e-11,450107.8425073009
202,4,0.0,363795.4895878331
203,4,0.0,118050.82484062228
204,4,0.0,92640.91403531737
205,4,0.0,180426.54549970728
206,4,0.0,252509.55009380894
207,4,0.0,272468.30033143394
208,4,0.0,386180.93806323444
209,4,0.0,452613.4606338906
210,4,0.0,499581.0973705376
211,4,0.0,528260.406743601
212,4,0.0,514447.9609372143
213,4,0.0,460639.31234645227
214,4,0.0,396936.1086696803
215,4,2.1827872842550278e-11,300885.77666277724
216,4,0.0,155774.05422320688
217,4,0.0,108483.18600454595
218,4,0.0,9617.012627524964
219,4,0.0,22735.66108037383
220,4,0.0,8883.37555698349
221,4,0.0,48849.024305931845
222,4,0.0,54767.09100075715
223,4,0.0,45480.25519988715
224,4,0.0,335139.6740942204
225,4,0.0,314531.9744767175
226,4,0.0,180065.23968299804
227,4,0.0,0.0
228,4,0.0,0.0
229,4,0.0,0.0
230,4,0.0,0.0
231,4,0.0,0.0
232,4,0.0,0.0
233,4,0.0,0.0
234,4,0.0,0.0
235,4,0.0,0.0
236,4,0.0,0.0
237,4,0.0,0.0
238,4,35439.67387982592,0.0
239,4,142602.17350466864,0.0
240,4,150704.5639403105,0.0
241,4,210336.75032315322,0.0
242,4,272565.00775489304,0.0
243,4,467781.9148176665,0.0
244,4,712958.8625815416,0.0
245,4,731960.4027648955,0.0
246,4,608244.5987833114,0.0
247,4,516260.47122666193,0.0
248,4,538201.9784918001,0.0
249,4,518288.66089416004,0.0
250,4,621936.5204968201,0.0
251,4,650432.1384017793,0.0
252,4,623462.2452571183,0.0
253,4,430402.374181472,0.0
254,4,271344.7931771879,0.0
255,4,96651.09033335319,0.0
256,4,0.0,0.0
257,4,0.0,0.0
258,4,0.0,0.0
259,4,0.0,0.0
260,4,0.0,0.0
261,4,0.0,0.0
262,4,0.0,0.0
263,4,0.0,0.0
264,4,130770.75313506275,0.0
265,4,178106.6231199376,0.0
266,4,217005.19646252622,0.0
267,4,218076.80260442384,0.0
268,4,211102.08414904168,0.0
269,4,113936.41071761191,0.0
270,4,0.0,0.0
271,4,0.0,0.0
272,4,7.275957614183426e-12,0.0
273,4,0.0,0.0
274,4,0.0,0.0
275,4,96334.6868411747,0.0
276,4,204429.57531205885,0.0
277,4,194847.33787682746,0.0
278,4,246862.76230664004,0.0
279,4,130568.245653133,0.0
280,4,11588.735833183397,0.0
281,4,0.0,0.0
282,4,0.0,0.0
283,4,0.0,0.0
284,4,0.0,0.0
285,4,0.0,0.0
286,4,0.0,0.0
287,4,0.0,7406.027565815271
288,4,7.275957614183426e-12,59336.87070822775
289,4,0.0,112893.14608233294
290,4,0.0,163170.57125629822
291,4,0.0,218224.14784091793
292,4,0.0,281516.22103470063
293,4,0.0,364446.47552572965
294,4,0.0,513948.6304627578
295,4,0.0,670546.7303340784
296,4,0.0,757240.4110603676
297,4,0.0,845194.9999999999
298,4,0.0,845194.9999999999
299,4,0.0,845194.9999999999
300,4,0.0,845194.9999999999
301,4,0.0,845194.9999999999
302,4,0.0,845194.9999999999
303,4,0.0,625329.1886006236
304,4,1.4551915228366852e-11,291057.18908269424
305,4,0.0,41437.49024263026
306,4,0.0,0.0
307,4,0.0,0.0
308,4,0.0,0.0
309,4,0.0,0.0
310,4,0.0,0.0
311,4,484959.538981281,0.0
312,4,768301.4306897867,0.0
313,4,905611.3160603298,0.0
314,4,896740.9774612788,0.0
315,4,836288.8570676108,0.0
316,4,826331.6262098926,0.0
317,4,652862.2313696109,0.0
318,4,135161.1140992992,0.0
319,4,0.0,0.0
320,4,0.0,0.0
321,4,0.0,78990.62159196706
322,4,0.0,281435.17107467446
323,4,0.0,706354.6390383263
324,4,0.0,845194.9999999999
325,4,0.0,845194.9999999999
326,4,2.1827872842550278e-11,845194.9999999999
327,4,1.0913936421275139e-11,845194.9999999999
328,4,0.0,845194.9999999999
329,4,0.0,845194.9999999999
330,4,0.0,845194.9999999999
331,4,7.275957614183426e-12,845194.9999999999
332,4,0.0,728375.9267785694
333,4,0.0,559720.5390918696
334,4,0.0,228604.5526791847
335,4,0.0,0.0
336,4,0.0,0.0
337,4,125643.55243976749,0.0
338,4,40309.493384269765,0.0
339,4,0.0,0.0
340,4,144079.1555632177,0.0
341,4,144551.93387592453,0.0
342,4,0.0,0.0
343,4,7.275957614183426e-12,77363.20560951199
344,4,0.0,165776.5791761009
345,4,0.0,166815.0121559389
346,4,0.0,113199.13386605028
347,4,0.0,304708.37878320727
348,4,0.0,518640.13570410584
349,4,0.0,641336.1924364057
350,4,0.0,726415.1334330458
351,4,0.0,760862.6583674075
352,4,0.0,845194.9999999999
353,4,0.0,840733.0115962181
354,4,0.0,775373.0976365674
355,4,0.0,719251.316579099
356,4,0.0,645498.515905494
357,4,0.0,584966.8757819362
358,4,0.0,583579.3686531924
359,4,0.0,584814.0186213031
360,4,0.0,595108.2494017873
361,4,0.0,609102.4096025317
362,4,0.0,633409.5410405947
363,4,0.0,671211.1966572739
364,4,0.0,743064.7969675332
365,4,0.0,845194.9999999999
366,4,1.4551915228366852e-11,845194.9999999998
367,4,0.0,845194.9999999999
368,4,0.0,845194.9999999999
369,4,0.0,845194.9999999999
370,4,3.637978807091713e-12,845194.9999999997
371,4,1.4551915228366852e-11,845194.9999999999
372,4,0.0,845194.9999999999
373,4,0.0,845194.9999999999
374,4,0.0,845194.9999999999
375,4,0.0,845194.9999999999
376,4,3.637978807091713e-12,845194.9999999999
377,4,0.0,845194.9999999999
378,4,1.4551915228366852e-11,845194.9999999999
379,4,0.0,845194.9999999999
380,4,0.0,845194.9999999999
381,4,0.0,845194.9999999999
382,4,3.637978807091713e-12,665946.8241398697
383,4,0.0,354956.03534348344
384,4,0.0,212921.02883053693
385,4,0.0,149406.41618654557
386,4,0.0,76082.10448743665
387,4,0.0,39540.94014742205
388,4,0.0,66899.98628543539
389,4,0.0,77313.43884460654
390,4,7.275957614183426e-12,142879.09823137498
391,4,0.0,293024.18030004145
392,4,0.0,409892.0011833353
393,4,0.0,466870.9353258648
394,4,0.0,472095.9863715485
395,4,0.0,377144.64127209503
396,4,7.275957614183426e-12,252838.96475923376
397,4,0.0,185490.71604486468
398,4,1.4551915228366852e-11,171597.43427188945
399,4,1.4551915228366852e-11,271866.93030309834
400,4,0.0,348961.7205229844
401,4,0.0,413631.96311190864
402,4,0.0,442436.10519411205
403,4,0.0,454153.1549343993
404,4,0.0,433140.76350846654
405,4,0.0,452297.49814767856
406,4,0.0,442816.3906740478
407,4,0.0,403112.0657948516
408,4,0.0,383199.2036428057
409,4,1.4551915228366852e-11,306378.4675500762
410,4,2.1827872842550278e-11,283019.8663463913
411,4,0.0,332898.3960340575
412,4,2.3646862246096134e-11,282210.9175280669
413,4,0.0,259917.00605771376
414,4,0.0,249987.23570106528
415,4,0.0,295488.46797146124
416,4,0.0,429174.18369442236
417,4,0.0,581854.251723191
418,4,0.0,735795.5381845264
419,4,0.0,479312.9494090837
420,4,2.9103830456733704e-11,391361.29898080317
421,4,2.9103830456733704e-11,313939.9932593453
422,4,0.0,110828.52675437019
423,4,0.0,16458.111123163253
424,4,0.0,0.0
425,4,0.0,0.0
426,4,161107.52236768906,0.0
427,4,299135.79830943956,0.0
428,4,417944.66760222183,0.0
429,4,564940.7113692636,0.0
430,4,671129.1013856166,0.0
431,4,745872.3490217979,0.0
432,4,738049.4337274219,0.0
433,4,668839.8078807249,0.0
434,4,630123.2385044646,0.0
435,4,608706.9401916878,0.0
436,4,478624.5670933651,0.0
437,4,223776.08095511387,0.0
438,4,0.0,0.0
439,4,0.0,0.0
440,4,0.0,0.0
441,4,0.0,31672.26254159525
442,4,0.0,144242.20353095283
443,4,0.0,0.0
444,4,0.0,5581.859573399037
445,4,0.0,286550.9556135301
446,4,0.0,518381.6009018136
447,4,0.0,620339.5178864823
448,4,0.0,594568.9636296306
449,4,0.0,633616.7693318548
450,4,0.0,669645.8005054407
451,4,0.0,633268.9604487935
452,4,0.0,581034.91748837
453,4,0.0,440116.03749930806
454,4,0.0,302180.65964839736
455,4,0.0,191308.3310284488
456,4,0.0,123140.82819652796
457,4,0.0,85157.34356905508
458,4,0.0,72471.73354162273
459,4,0.0,67581.5662992686
460,4,0.0,83379.44281890144
461,4,1.4551915228366852e-11,178781.86090161
462,4,0.0,437824.6634396709
463,4,0.0,599565.9189608577
464,4,0.0,682659.9051226848
465,4,0.0,811215.0516681857
466,4,2.2737367544323206e-13,845194.9999999999
467,4,0.0,844628.9660432748
468,4,0.0,837280.9146675271
469,4,3.637978807091713e-12,845194.9999999999
470,4,0.0,845194.9999999999
471,4,7.275957614183426e-12,845194.9999999999
472,4,0.0,845194.9999999999
473,4,2.9103830456733704e-11,845194.9999999999
474,4,0.0,845194.9999999999
475,4,0.0,845194.9999999999
476,4,0.0,845194.9999999999
477,4,0.0,845194.9999999999
478,4,0.0,845194.9999999999
479,4,0.0,845194.9999999999
480,4,0.0,786002.2421216238
481,4,0.0,691029.2216441443
482,4,0.0,555077.7481922081
483,4,0.0,506475.9623471392
484,4,0.0,487490.78544764203
485,4,0.0,514644.36860942247
486,4,0.0,684984.9493758061
487,4,3.637978807091713e-12,845194.9999999999
488,4,7.275957614183426e-12,845194.9999999999
489,4,0.0,845194.9999999998
490,4,2.9103830456733704e-11,845194.9999999999
491,4,0.0,845194.9999999999
492,4,0.0,845194.9999999999
493,4,0.0,845194.9999999999
494,4,2.9103830456733704e-11,845194.9999999999
495,4,0.0,845194.9999999998
496,4,0.0,845194.9999999997
497,4,0.0,845194.9999999999
498,4,0.0,845194.9999999999
499,4,0.0,845194.9999999999
500,4,0.0,845194.9999999999
501,4,1.8189894035458565e-11,845194.9999999999
502,4,1.4551915228366852e-11,845194.9999999999
503,4,2.9103830456733704e-11,845194.9999999999
504,4,1.4551915228366852e-11,845194.9999999999
505,4,1.4551915228366852e-11,845194.9999999999
506,4,0.0,845194.9999999999
507,4,1.4779288903810084e-12,845194.9999999999
508,4,3.637978807091713e-12,845194.9999999998
509,4,0.0,845194.9999999999
510,4,0.0,845194.9999999999
511,4,1.4551915228366852e-11,845194.9999999997
512,4,0.0,845194.9999999999
513,4,3.637978807091713e-12,845194.9999999999
514,4,0.0,845194.9999999999
515,4,0.0,834703.162532799
516,4,0.0,562202.6098975126
517,4,0.0,340468.4738125738
518,4,0.0,160229.9185723979
519,4,0.0,115296.17922443038
520,4,0.0,20983.863936021546
521,4,0.0,144060.79036870055
522,4,1.4551915228366852e-11,184036.96477083402
523,4,0.0,130059.10554479434
524,4,0.0,17256.914223728236
525,4,0.0,0.0
526,4,0.0,0.0
527,4,0.0,0.0
528,4,0.0,0.0
529,4,0.0,0.0
530,4,0.0,0.0
531,4,0.0,0.0
532,4,0.0,0.0
533,4,0.0,0.0
534,4,0.0,235537.09642229753
535,4,0.0,440399.95817247545
536,4,0.0,512542.98132772115
537,4,0.0,529265.157009732
538,4,0.0,582122.7473180287
539,4,0.0,515384.471304529
540,4,0.0,473063.5423558856
541,4,0.0,462454.45067516214
542,4,0.0,530160.2486435677
543,4,0.0,561804.0529568631
544,4,0.0,564957.5427066176
545,4,0.0,631819.1901448447
546,4,0.0,681351.7468545195
547,4,0.0,673208.0287527251
548,4,0.0,636400.0331472146
549,4,0.0,644229.3935501659
550,4,0.0,542534.5614914107
551,4,0.0,467420.6166027569
552,4,0.0,266963.35779357504
553,4,7.275957614183426e-12,147060.17907709742
554,4,0.0,0.0
555,4,0.0,0.0
556,4,0.0,0.0
557,4,0.0,0.0
558,4,0.0,82725.97195833089
559,4,0.0,106449.43389685836
560,4,0.0,182811.7880951421
561,4,0.0,149302.0669678955
562,4,0.0,102487.0017010459
563,4,0.0,169032.15340984822
564,4,0.0,362378.79045706603
565,4,0.0,334421.1342633208
566,4,0.0,306019.01769556676
567,4,0.0,334492.32095524913
568,4,0.0,218604.77375150588
569,4,0.0,284637.90665301157
570,4,1.4551915228366852e-11,243802.8511535013
571,4,0.0,0.0
572,4,0.0,0.0
573,4,0.0,0.0
574,4,0.0,0.0
575,4,86098.90116081202,0.0
576,4,542314.137355919,0.0
577,4,670420.3202468515,0.0
578,4,643113.1606183439,0.0
579,4,744276.1054247926,0.0
580,4,744258.1914218816,0.0
581,4,636337.0510436161,0.0
582,4,612693.9820362709,0.0
583,4,496202.7192689793,0.0
584,4,289127.8492589597,0.0
585,4,181641.94937874094,0.0
586,4,361804.78264685464,0.0
587,4,579317.8624934707,0.0
588,4,641430.3862278333,0.0
589,4,444793.4010857822,0.0
590,4,93557.45131672124,0.0
591,4,0.0,0.0
592,4,0.0,246065.51588713494
593,4,0.0,535614.4522464317
594,4,0.0,664052.5640615984
595,4,1.4551915228366852e-11,516391.7258339924
596,4,0.0,190992.4677921213
597,4,0.0,0.0
598,4,309677.94218333444,0.0
599,4,732806.9628541528,0.0
600,4,1.1008534416489373e6,0.0
601,4,1.2210523325514905e6,0.0
602,4,1.2496607191184997e6,0.0
603,4,1.2666744002427734e6,0.0
604,4,1.2396665119916955e6,0.0
605,4,1.1461496245137854e6,0.0
606,4,900773.6441912807,0.0
607,4,405637.20155706775,0.0
608,4,0.0,0.0
609,4,0.0,181291.65637985902
610,4,0.0,487792.1810992209
611,4,0.0,729463.270655714
612,4,0.0,845194.9999999999
613,4,0.0,845194.9999999999
614,4,0.0,845194.9999999999
615,4,0.0,845194.9999999999
616,4,0.0,845194.9999999999
617,4,0.0,845194.9999999999
618,4,0.0,845194.9999999999
619,4,0.0,845194.9999999999
620,4,0.0,845194.9999999999
621,4,0.0,845194.9999999999
622,4,7.275957614183426e-12,845194.9999999999
623,4,0.0,845194.9999999999
624,4,5.820766091346741e-11,556615.3474422372
625,4,0.0,118629.01532129903
626,4,0.0,0.0
627,4,0.0,0.0
628,4,352513.4471526288,0.0
629,4,252610.43236665885,0.0
630,4,239493.18290108655,0.0
631,4,0.0,0.0
632,4,0.0,0.0
633,4,0.0,0.0
634,4,0.0,0.0
635,4,0.0,0.0
636,4,0.0,0.0
637,4,0.0,0.0
638,4,0.0,0.0
639,4,0.0,0.0
640,4,0.0,0.0
641,4,0.0,0.0
642,4,0.0,0.0
643,4,0.0,0.0
644,4,0.0,0.0
645,4,0.0,0.0
646,4,0.0,0.0
647,4,0.0,0.0
648,4,0.0,0.0
649,4,0.0,0.0
650,4,0.0,0.0
651,4,0.0,0.0
652,4,0.0,20285.470208536193
653,4,0.0,310008.4915164491
654,4,4.547473508864641e-11,648062.5376689857
655,4,0.0,845194.9999999999
656,4,0.0,845194.9999999999
657,4,0.0,845194.9999999999
658,4,2.9103830456733704e-11,845194.9999999999
659,4,0.0,845194.9999999999
660,4,0.0,845194.9999999999
661,4,1.4551915228366852e-11,768833.3528804698
662,4,4.3655745685100555e-11,834484.2139304717
663,4,0.0,845194.9999999999
664,4,0.0,845194.9999999999
665,4,0.0,845194.9999999999
666,4,2.9103830456733704e-11,845194.9999999999
667,4,0.0,845194.9999999999
668,4,0.0,845194.9999999999
669,4,7.275957614183426e-12,845194.9999999999
670,4,0.0,838658.2389826651
671,4,0.0,734343.7122904663
672,4,0.0,647659.1210820663
673,4,0.0,636905.4308014205
674,4,0.0,632461.4452502968
675,4,0.0,602636.7818953143
676,4,0.0,640556.8292226172
677,4,0.0,568610.9442743093
678,4,0.0,619240.4057049733
679,4,0.0,736354.3605912565
680,4,0.0,841326.8043978766
681,4,0.0,845194.9999999999
682,4,0.0,845194.9999999999
683,4,0.0,845194.9999999999
684,4,0.0,845194.9999999999
685,4,0.0,845194.9999999999
686,4,0.0,845194.9999999999
687,4,0.0,845194.9999999999
688,4,0.0,845194.9999999999
689,4,1.4551915228366852e-11,845194.9999999999
690,4,0.0,845194.9999999999
691,4,0.0,845194.9999999999
692,4,0.0,845194.9999999999
693,4,0.0,845194.9999999999
694,4,7.275957614183426e-12,845194.9999999999
695,4,0.0,845194.9999999999
696,4,0.0,834840.9108981973
697,4,0.0,777231.1662928597
698,4,0.0,722723.2707131077
699,4,0.0,770549.769853346
700,4,0.0,643324.1470501296
701,4,0.0,674942.3960670397
702,4,0.0,657279.604809884
703,4,0.0,818758.3963413911
704,4,0.0,845194.9999999999
705,4,0.0,845194.9999999999
706,4,0.0,845194.9999999999
707,4,0.0,845194.9999999999
708,4,0.0,845194.9999999999
709,4,5.4569682106375694e-12,845194.9999999999
710,4,0.0,845194.9999999999
711,4,0.0,751721.3381225567
712,4,0.0,655016.2535860569
713,4,0.0,668008.3120552839
714,4,0.0,684548.8016066763
715,4,0.0,636594.6863445103
716,4,0.0,550275.0890231737
717,4,0.0,516168.62616279826
718,4,0.0,458410.4053881626
719,4,0.0,347146.8145050695
720,4,0.0,270641.6276858697
721,4,0.0,214526.42971152533
722,4,0.0,172294.4817384287
723,4,0.0,133936.86081366497
724,4,0.0,141910.56968721736
725,4,0.0,171699.94806729956
726,4,0.0,230622.35913091747
727,4,0.0,317749.7881930903
728,4,0.0,425327.81116966816
729,4,0.0,519747.56991462136
730,4,0.0,582683.818375633
731,4,0.0,599364.6682137589
732,4,0.0,577323.3348401259
733,4,0.0,547949.2905296464
734,4,0.0,586969.0112357838
735,4,0.0,602575.6745638145
736,4,0.0,601175.2682826774
737,4,0.0,674333.4994017959
738,4,0.0,829710.5821247448
739,4,0.0,825551.2322976585
740,4,0.0,803285.9431002152
741,4,0.0,781471.295918456
742,4,0.0,709250.9781541363
743,4,0.0,591401.3023405643
744,4,0.0,461219.10647749424
745,4,0.0,407821.85544584016
1,5,0.0,0.0
2,5,0.0,0.0
3,5,0.0,0.0
4,5,0.0,0.0
5,5,0.0,0.0
6,5,0.0,0.0
7,5,0.0,54174.73701446966
8,5,0.0,220402.56691214078
9,5,0.0,283675.05110245413
10,5,0.0,260996.7426715704
11,5,0.0,286948.9334892393
12,5,0.0,220493.19416896324
13,5,0.0,173457.306746325
14,5,0.0,90733.44958517142
15,5,0.0,24.233605138026178
16,5,0.0,30451.919914816506
17,5,0.0,49256.88480978634
18,5,0.0,58942.369956275565
19,5,0.0,63205.81111374416
20,5,0.0,29508.02617404342
21,5,0.0,0.0
22,5,0.0,0.0
23,5,0.0,0.0
24,5,54274.46591383612,0.0
25,5,177651.23765429808,0.0
26,5,71207.40854902295,0.0
27,5,73450.70008881867,0.0
28,5,42237.96499867417,0.0
29,5,0.0,0.0
30,5,0.0,0.0
31,5,0.0,65788.39014064707
32,5,0.0,222529.76239353715
33,5,0.0,195314.97446392628
34,5,0.0,237326.28948077152
35,5,0.0,255234.96846569818
36,5,0.0,329240.8731208961
37,5,0.0,320552.8025367627
38,5,0.0,266498.8282814397
39,5,0.0,175249.4061579283
40,5,0.0,72107.6271048928
41,5,0.0,65882.53614908468
42,5,0.0,0.0
43,5,0.0,0.0
44,5,6.821210263296962e-13,0.0
45,5,0.0,23264.921768831788
46,5,0.0,70752.23639455216
47,5,0.0,0.0
48,5,0.0,0.0
49,5,0.0,0.0
50,5,0.0,0.0
51,5,0.0,0.0
52,5,0.0,30259.24982133781
53,5,0.0,121598.30927654443
54,5,0.0,193338.5312887484
55,5,0.0,300026.657443957
56,5,0.0,405724.5026409002
57,5,0.0,464913.09197714785
58,5,0.0,473576.0
59,5,0.0,473576.0
60,5,0.0,446729.1653894354
61,5,0.0,444734.5030757886
62,5,0.0,442229.2051430047
63,5,0.0,447337.2045843358
64,5,0.0,473576.0
65,5,0.0,473576.0
66,5,1.4551915228366852e-11,473576.0
67,5,0.0,473576.0
68,5,0.0,473576.0
69,5,9.094947017729282e-12,422765.81638558547
70,5,0.0,350403.7862125308
71,5,0.0,276012.5582562456
72,5,0.0,229828.6127199239
73,5,0.0,197694.77256051803
74,5,0.0,166712.99898825336
75,5,0.0,134115.11057365907
76,5,0.0,106786.84344565257
77,5,0.0,91597.78198682558
78,5,0.0,87213.22537089576
79,5,0.0,93428.50896377378
80,5,0.0,85556.51167026022
81,5,0.0,56844.17960762669
82,5,0.0,0.0
83,5,0.0,0.0
84,5,0.0,0.0
85,5,0.0,0.0
86,5,0.0,0.0
87,5,0.0,0.0
88,5,0.0,0.0
89,5,0.0,14396.658991469652
90,5,0.0,1079.7892877155682
91,5,0.0,0.0
92,5,0.0,0.0
93,5,0.0,0.0
94,5,0.0,0.0
95,5,0.0,0.0
96,5,0.0,3280.65947429731
97,5,0.0,0.0
98,5,7.275957614183426e-12,0.0
99,5,0.0,0.0
100,5,0.0,0.0
101,5,0.0,16466.206440188165
102,5,0.0,94911.41126139986
103,5,0.0,227557.7562293596
104,5,0.0,290898.88160986826
105,5,0.0,289086.9674168817
106,5,0.0,354882.9362188371
107,5,0.0,439490.8635429907
108,5,0.0,473576.0
109,5,0.0,473576.0
110,5,0.0,473576.0
111,5,0.0,401775.1830778426
112,5,0.0,402201.60856460757
113,5,0.0,472513.0283666146
114,5,0.0,428800.47268896725
115,5,0.0,413639.0145927806
116,5,0.0,411985.1485482238
117,5,0.0,411638.31260727043
118,5,0.0,391640.204263755
119,5,0.0,376423.2836569052
120,5,0.0,342518.2255856238
121,5,0.0,322982.01870157867
122,5,0.0,287413.47868349706
123,5,0.0,261358.32550901038
124,5,0.0,272304.9011659377
125,5,0.0,294214.6320615745
126,5,0.0,340226.5710934197
127,5,0.0,407145.77138118306
128,5,0.0,456281.1161463021
129,5,0.0,473576.0
130,5,0.0,473576.0
131,5,0.0,473576.0
132,5,0.0,473576.0
133,5,0.0,473576.0
134,5,0.0,473576.0
135,5,0.0,437034.5405534399
136,5,0.0,394771.00100370037
137,5,0.0,375842.9191904954
138,5,0.0,335387.2993654709
139,5,0.0,337431.5756664098
140,5,0.0,335252.04133158096
141,5,0.0,352756.62553057546
142,5,0.0,370289.35277439
143,5,0.0,357571.9572876896
144,5,0.0,336415.6108085149
145,5,0.0,346565.5348713162
146,5,0.0,355299.3896205175
147,5,0.0,362312.8870255704
148,5,0.0,380087.96453396557
149,5,0.0,421285.31178970507
150,5,0.0,473576.0
151,5,0.0,473576.0
152,5,0.0,473576.0
153,5,0.0,473576.0
154,5,0.0,473576.0
155,5,0.0,473576.0
156,5,0.0,473576.0
157,5,0.0,473576.0
158,5,0.0,473576.0
159,5,0.0,473576.0
160,5,0.0,473576.0
161,5,0.0,473576.0
162,5,0.0,473576.0
163,5,0.0,470282.2581218296
164,5,0.0,375689.7469647387
165,5,0.0,299485.9995506924
166,5,0.0,191045.01744685136
167,5,0.0,113718.04489058017
168,5,0.0,0.0
169,5,0.0,0.0
170,5,16496.658559105592,0.0
171,5,88656.2704874383,0.0
172,5,53512.56276548526,0.0
173,5,12504.737543157942,0.0
174,5,0.0,0.0
175,5,0.0,0.0
176,5,0.0,192708.4267554561
177,5,0.0,283054.2699537021
178,5,1.4551915228366852e-11,234821.19476123975
179,5,0.0,164230.47168873728
180,5,0.0,109424.08159344166
181,5,0.0,159751.14241937408
182,5,0.0,254331.08912632643
183,5,0.0,418149.9006989797
184,5,0.0,462035.39435737114
185,5,0.0,473576.0
186,5,0.0,469585.13768000633
187,5,0.0,368315.2038139976
188,5,0.0,249519.01987544697
189,5,0.0,228263.47763764666
190,5,0.0,145273.28356729116
191,5,0.0,117808.65463759296
192,5,0.0,136068.48573780572
193,5,0.0,137017.69094826066
194,5,0.0,71032.40231279917
195,5,0.0,0.0
196,5,0.0,0.0
197,5,0.0,0.0
198,5,0.0,129812.73865948868
199,5,0.0,207762.53688399756
200,5,0.0,257024.90114926465
201,5,0.0,277126.4512331246
202,5,0.0,256376.96124332817
203,5,0.0,185919.3843151008
204,5,0.0,167209.24895170075
205,5,0.0,211298.53182347713
206,5,0.0,250638.68923571153
207,5,0.0,255341.374824006
208,5,0.0,274455.08598776447
209,5,0.0,315008.20045264874
210,5,0.0,339415.5725796723
211,5,0.0,355756.9624815616
212,5,0.0,346184.2753865976
213,5,0.0,310312.66089042823
214,5,0.0,275788.92284672766
215,5,0.0,246557.9827573845
216,5,0.0,220196.5385898525
217,5,0.0,213222.2836159692
218,5,0.0,190197.77108747873
219,5,0.0,193040.98511972817
220,5,0.0,176932.8853583818
221,5,0.0,180037.03025056334
222,5,0.0,194473.7224630201
223,5,0.0,202806.70208393992
224,5,0.0,316718.87483826326
225,5,0.0,334840.66268432286
226,5,0.0,259631.2824235786
227,5,0.0,107441.09482505242
228,5,0.0,33869.26997040365
229,5,0.0,0.0
230,5,0.0,0.0
231,5,0.0,13917.086225972685
232,5,0.0,26577.42468112854
233,5,0.0,58816.495468751455
234,5,0.0,65280.14284293726
235,5,0.0,0.0
236,5,0.0,0.0
237,5,0.0,0.0
238,5,0.0,0.0
239,5,0.0,0.0
240,5,0.0,0.0
241,5,17898.068457187328,0.0
242,5,48762.232319667586,0.0
243,5,77145.4683331814,0.0
244,5,197486.67581886525,0.0
245,5,239742.5515491509,0.0
246,5,189914.06034777698,0.0
247,5,148886.22985511227,0.0
248,5,153641.78660192655,0.0
249,5,182614.76758471044,0.0
250,5,270813.34830967186,0.0
251,5,325566.7185593291,0.0
252,5,239734.52671358822,0.0
253,5,164460.88217851782,0.0
254,5,95183.77933148335,0.0
255,5,0.0,0.0
256,5,0.0,0.0
257,5,0.0,0.0
258,5,0.0,0.0
259,5,0.0,0.0
260,5,0.0,0.0
261,5,3.637978807091713e-12,111450.25577681488
262,5,3.637978807091713e-12,35107.366420987615
263,5,29821.966464783072,0.0
264,5,108163.66273735766,0.0
265,5,140748.31031176797,0.0
266,5,18507.978961098735,0.0
267,5,9557.489241526113,0.0
268,5,6209.950339326693,0.0
269,5,0.0,0.0
270,5,0.0,0.0
271,5,0.0,0.0
272,5,0.0,0.0
273,5,0.0,0.0
274,5,7.275957614183426e-12,0.0
275,5,153707.40701721678,0.0
276,5,231598.94004325604,0.0
277,5,81310.57039720783,0.0
278,5,51515.97190131678,0.0
279,5,2602.716969732661,0.0
280,5,0.0,0.0
281,5,0.0,0.0
282,5,0.0,0.0
283,5,0.0,0.0
284,5,0.0,0.0
285,5,0.0,0.0
286,5,0.0,0.0
287,5,0.0,0.0
288,5,0.0,0.0
289,5,0.0,0.0
290,5,0.0,0.0
291,5,0.0,0.0
292,5,0.0,1153.4794593257539
293,5,4.547473508864641e-12,182055.50586034253
294,5,0.0,258813.94883436634
295,5,0.0,339382.27949395764
296,5,0.0,386251.10618266615
297,5,0.0,417270.59174106945
298,5,0.0,473576.0
299,5,0.0,473576.0
300,5,0.0,473576.0
301,5,0.0,473576.0
302,5,0.0,473576.0
303,5,0.0,434133.62741881376
304,5,0.0,303008.8476239399
305,5,0.0,160608.15958353825
306,5,0.0,90122.62659907597
307,5,0.0,0.0
308,5,0.0,0.0
309,5,0.0,0.0
310,5,0.0,0.0
311,5,0.0,0.0
312,5,187162.64937025646,0.0
313,5,344861.3250180204,0.0
314,5,212898.53555698972,0.0
315,5,293737.09330902906,0.0
316,5,65023.93773552077,0.0
317,5,0.0,0.0
318,5,0.0,0.0
319,5,0.0,0.0
320,5,0.0,134234.99424082972
321,5,0.0,218362.32309829147
322,5,0.0,322889.053454498
323,5,0.0,473576.0
324,5,0.0,473576.0
325,5,0.0,473576.0
326,5,0.0,473576.0
327,5,0.0,473576.0
328,5,0.0,473576.0
329,5,0.0,473576.0
330,5,0.0,473576.0
331,5,0.0,473576.0
332,5,0.0,412767.4782425241
333,5,0.0,327352.76557543804
334,5,0.0,261695.13994403003
335,5,0.0,243827.04573079525
336,5,0.0,0.0
337,5,0.0,0.0
338,5,0.0,0.0
339,5,0.0,0.0
340,5,0.0,0.0
341,5,0.0,0.0
342,5,0.0,0.0
343,5,0.0,35611.62653205218
344,5,0.0,58323.23311325617
345,5,0.0,39948.25808926171
346,5,0.0,40299.53718229744
347,5,0.0,101451.79905203369
348,5,0.0,200978.08360030153
349,5,0.0,347375.7616637828
350,5,0.0,416945.8893442936
351,5,0.0,448865.8473706077
352,5,0.0,473576.0
353,5,0.0,473576.0
354,5,0.0,469345.794368922
355,5,0.0,444824.59108910133
356,5,0.0,405542.88503569877
357,5,0.0,354672.01609826484
358,5,0.0,316419.84220876405
359,5,0.0,295196.27653568564
360,5,0.0,285414.668234049
361,5,0.0,289076.53329508094
362,5,0.0,313968.6677413335
363,5,0.0,346944.7912937006
364,5,0.0,388624.674615045
365,5,0.0,451863.2989835572
366,5,0.0,473576.0
367,5,0.0,473576.0
368,5,0.0,473576.0
369,5,0.0,473576.0
370,5,0.0,473576.0
371,5,0.0,473576.0
372,5,0.0,473576.0
373,5,0.0,473576.0
374,5,0.0,473576.0
375,5,0.0,473576.0
376,5,0.0,473576.0
377,5,0.0,473576.0
378,5,0.0,473576.0
379,5,0.0,473576.0
380,5,0.0,473576.0
381,5,0.0,473576.0
382,5,0.0,464523.997132463
383,5,0.0,369374.97426420497
384,5,0.0,335370.0148379788
385,5,0.0,319731.0577408412
386,5,0.0,276871.32336299086
387,5,0.0,215085.5978087419
388,5,0.0,142967.90241255847
389,5,0.0,76701.32780304551
390,5,0.0,39597.30293629423
391,5,0.0,55432.24971440225
392,5,0.0,131555.3226197302
393,5,0.0,231913.66889277304
394,5,0.0,261747.1302654954
395,5,0.0,278522.7372187379
396,5,0.0,224438.5595033925
397,5,0.0,168384.36653714633
398,5,0.0,158152.69419420097
399,5,0.0,197989.89753690426
400,5,0.0,201232.37673631514
401,5,0.0,239395.33765915467
402,5,0.0,250181.86888615374
403,5,0.0,242149.42142201407
404,5,0.0,216199.7077586372
405,5,0.0,217195.49058564386
406,5,0.0,211159.00867247826
407,5,0.0,190829.7073565196
408,5,0.0,185335.10802894374
409,5,0.0,184649.5588064335
410,5,0.0,190019.6977073718
411,5,0.0,212666.78440922138
412,5,0.0,192637.22073067038
413,5,0.0,172925.83879286738
414,5,0.0,141846.2927988217
415,5,0.0,142246.44996746484
416,5,0.0,190571.15648676624
417,5,0.0,205376.3944160376
418,5,0.0,273007.9190660953
419,5,0.0,186605.27799947897
420,5,0.0,188395.14997907483
421,5,0.0,237602.84374250082
422,5,0.0,193923.04426850658
423,5,0.0,180861.6579935546
424,5,0.0,0.0
425,5,0.0,0.0
426,5,20666.9650024703,0.0
427,5,52086.968445406994,0.0
428,5,98275.74004231405,0.0
429,5,189271.3716901471,0.0
430,5,242533.9420463284,0.0
431,5,292231.6912955587,0.0
432,5,315790.8353856263,0.0
433,5,303040.48906031094,0.0
434,5,90881.78295026207,0.0
435,5,73073.47269782977,0.0
436,5,20768.98276871693,0.0
437,5,0.0,0.0
438,5,0.0,0.0
439,5,0.0,0.0
440,5,0.0,44446.937398809125
441,5,0.0,68275.10981083894
442,5,0.0,89388.96774170338
443,5,0.0,92015.69107509463
444,5,0.0,107690.20430246997
445,5,0.0,139959.92276347248
446,5,0.0,245629.92953932373
447,5,0.0,329911.03268648154
448,5,0.0,333358.4716063575
449,5,0.0,359396.72831969796
450,5,0.0,394877.824648325
451,5,0.0,394190.58954898955
452,5,0.0,377029.56444359553
453,5,0.0,345459.7043171071
454,5,0.0,308359.1937401362
455,5,0.0,267649.5322397921
456,5,0.0,215215.13755281654
457,5,0.0,175470.43760187115
458,5,0.0,151556.63844063814
459,5,0.0,151048.83361745632
460,5,0.0,150425.0536212664
461,5,0.0,178358.6747843977
462,5,0.0,250493.72388911783
463,5,0.0,336281.3245490078
464,5,0.0,381132.2953564205
465,5,0.0,436974.55964365497
466,5,0.0,473576.0
467,5,0.0,465143.5820737522
468,5,0.0,466894.14953302586
469,5,0.0,473576.0
470,5,0.0,473576.0
471,5,0.0,473576.0
472,5,0.0,473576.0
473,5,0.0,473576.0
474,5,0.0,473576.0
475,5,0.0,473576.0
476,5,0.0,473576.0
477,5,0.0,473576.0
478,5,0.0,452403.5076498426
479,5,1.546140993013978e-11,401785.74364381324
480,5,0.0,357790.33201147756
481,5,0.0,317475.8795761316
482,5,0.0,322871.3046144454
483,5,0.0,395841.0153326612
484,5,0.0,412457.30773334386
485,5,0.0,446746.61524122447
486,5,0.0,473576.0
487,5,0.0,473576.0
488,5,0.0,473576.0
489,5,0.0,473576.0
490,5,0.0,473576.0
491,5,0.0,473576.0
492,5,0.0,473576.0
493,5,0.0,473576.0
494,5,0.0,473576.0
495,5,0.0,473576.0
496,5,0.0,473576.0
497,5,0.0,473576.0
498,5,0.0,473576.0
499,5,0.0,473576.0
500,5,0.0,473576.0
501,5,0.0,473576.0
502,5,0.0,473576.0
503,5,0.0,473576.0
504,5,0.0,473576.0
505,5,0.0,473576.0
506,5,0.0,473576.0
507,5,0.0,473576.0
508,5,0.0,473576.0
509,5,0.0,473576.0
510,5,0.0,473576.0
511,5,0.0,473576.0
512,5,0.0,473576.0
513,5,0.0,473576.0
514,5,0.0,420765.1175376784
515,5,0.0,308884.2246033308
516,5,0.0,165834.12826264556
517,5,0.0,66460.04000592686
518,5,0.0,44731.960116079776
519,5,0.0,38251.6826333371
520,5,0.0,15675.587426432176
521,5,0.0,90399.551342697
522,5,0.0,151524.01615327923
523,5,0.0,149793.60958170157
524,5,0.0,122841.9398008933
525,5,0.0,100388.70613870356
526,5,0.0,28627.02728805027
527,5,0.0,0.0
528,5,0.0,0.0
529,5,0.0,0.0
530,5,0.0,0.0
531,5,0.0,0.0
532,5,0.0,0.0
533,5,0.0,0.0
534,5,0.0,0.0
535,5,0.0,49533.3172684875
536,5,0.0,53361.370279656054
537,5,0.0,35043.67060007612
538,5,0.0,161670.16678311827
539,5,0.0,230567.06073714292
540,5,0.0,234138.06589819904
541,5,0.0,270214.795008958
542,5,0.0,242528.99791628518
543,5,0.0,242079.53619424137
544,5,0.0,260207.00605234125
545,5,0.0,280603.6676836208
546,5,0.0,295952.0173438428
547,5,0.0,287215.214221577
548,5,0.0,282345.30991797923
549,5,0.0,316559.51052818925
550,5,0.0,288251.31217213353
551,5,0.0,252523.67004832975
552,5,0.0,144678.14935215842
553,5,0.0,116141.50939495413
554,5,0.0,80909.21780530503
555,5,0.0,0.0
556,5,0.0,0.0
557,5,0.0,7650.776833286036
558,5,0.0,126807.96006226138
559,5,0.0,125393.01726733288
560,5,0.0,141583.5354336158
561,5,0.0,97500.15331666626
562,5,0.0,54963.554942367016
563,5,0.0,76300.67639967427
564,5,0.0,212658.1153892848
565,5,0.0,267757.7476437619
566,5,0.0,226381.00080477144
567,5,0.0,228935.518498416
568,5,0.0,156701.9270492929
569,5,0.0,207100.43216968345
570,5,0.0,235593.6340741777
571,5,0.0,177428.89180692332
572,5,0.0,124410.77744044823
573,5,0.0,94953.424502727
574,5,0.0,0.0
575,5,52046.96969381755,0.0
576,5,182283.54879115627,0.0
577,5,236881.21816247894,0.0
578,5,293521.5563996355,0.0
579,5,327140.4501695043,0.0
580,5,376630.4758073748,0.0
581,5,323483.49957510637,0.0
582,5,311960.39237304527,0.0
583,5,233474.73669505026,0.0
584,5,180642.79857669683,0.0
585,5,137969.65727728035,0.0
586,5,179793.66840672187,0.0
587,5,70515.69862828124,0.0
588,5,150698.339161649,0.0
589,5,166881.68495188956,0.0
590,5,95705.15421652613,0.0
591,5,0.0,0.0
592,5,0.0,0.0
593,5,0.0,138794.86513346215
594,5,0.0,214990.84981106836
595,5,0.0,187606.54646841888
596,5,1.0913936421275139e-11,234603.6405508492
597,5,0.0,11044.220790748659
598,5,0.0,0.0
599,5,192189.75590483285,0.0
600,5,403234.20691619464,0.0
601,5,549733.0249430224,0.0
602,5,595713.5749012046,0.0
603,5,604498.3683424471,0.0
604,5,439122.19688372314,0.0
605,5,373191.18112793384,0.0
606,5,210931.2780265953,0.0
607,5,0.0,0.0
608,5,0.0,0.0
609,5,0.0,199434.91869970062
610,5,0.0,282219.638409958
611,5,0.0,428300.9508209819
612,5,0.0,473576.0
613,5,0.0,473576.0
614,5,0.0,473576.0
615,5,0.0,473576.0
616,5,0.0,473576.0
617,5,0.0,473576.0
618,5,0.0,473576.0
619,5,0.0,473576.0
620,5,0.0,473576.0
621,5,0.0,473576.0
622,5,0.0,473576.0
623,5,0.0,473576.0
624,5,0.0,420405.34084116673
625,5,0.0,310110.6584749412
626,5,0.0,168429.3257656354
627,5,0.0,0.0
628,5,0.0,0.0
629,5,0.0,0.0
630,5,0.0,0.0
631,5,0.0,0.0
632,5,0.0,44285.30072275438
633,5,0.0,127645.51693256781
634,5,0.0,55658.3363740605
635,5,0.0,0.0
636,5,0.0,0.0
637,5,0.0,0.0
638,5,0.0,0.0
639,5,0.0,0.0
640,5,0.0,0.0
641,5,0.0,125205.88819916887
642,5,0.0,269054.30559826817
643,5,0.0,265726.38989723934
644,5,1.4551915228366852e-11,182409.81515267707
645,5,1.4551915228366852e-11,246205.32934467273
646,5,0.0,148436.24194172875
647,5,0.0,120650.47309458065
648,5,0.0,0.0
649,5,0.0,0.0
650,5,0.0,13241.879849238641
651,5,0.0,172945.0532742197
652,5,0.0,361636.64757649647
653,5,0.0,443542.52313413424
654,5,0.0,473576.0
655,5,0.0,473576.0
656,5,0.0,473576.0
657,5,0.0,473576.0
658,5,0.0,473576.0
659,5,0.0,473576.0
660,5,0.0,473576.0
661,5,0.0,473576.0
662,5,0.0,473576.0
663,5,0.0,473576.0
664,5,0.0,473576.0
665,5,0.0,473576.0
666,5,0.0,473576.0
667,5,0.0,473576.0
668,5,0.0,473576.0
669,5,0.0,473576.0
670,5,0.0,473576.0
671,5,0.0,456133.9992020393
672,5,0.0,412107.00284913083
673,5,0.0,402902.89367445145
674,5,0.0,394993.84881500836
675,5,0.0,373706.2088489589
676,5,0.0,384272.11377385946
677,5,0.0,341044.7972585984
678,5,0.0,357742.95722791983
679,5,0.0,406569.5788366101
680,5,0.0,452404.7002479598
681,5,0.0,473576.0
682,5,0.0,473576.0
683,5,0.0,473576.0
684,5,0.0,473576.0
685,5,0.0,473576.0
686,5,0.0,473576.0
687,5,0.0,473576.0
688,5,0.0,473576.0
689,5,0.0,473576.0
690,5,0.0,473576.0
691,5,0.0,473576.0
692,5,0.0,473576.0
693,5,0.0,473576.0
694,5,0.0,473576.0
695,5,0.0,466194.6008372716
696,5,0.0,404769.77926298685
697,5,0.0,354878.4272684612
698,5,0.0,310035.523205817
699,5,0.0,325432.3336316141
700,5,0.0,255153.27606266577
701,5,0.0,266686.4182498347
702,5,0.0,262240.28701616515
703,5,0.0,358597.148640021
704,5,0.0,420454.35524766275
705,5,0.0,455506.3587361814
706,5,0.0,432699.8688874983
707,5,0.0,469261.88542100275
708,5,0.0,455278.77926769713
709,5,0.0,473576.0
710,5,0.0,464953.89986528165
711,5,0.0,397608.00980838225
712,5,0.0,360183.7118071003
713,5,0.0,376114.7518894044
714,5,0.0,383331.89784241986
715,5,0.0,353409.5088275285
716,5,0.0,300411.66929453064
717,5,0.0,269532.6769456575
718,5,0.0,224371.12852750596
719,5,0.0,160711.23986046552
720,5,0.0,117672.23559538415
721,5,0.0,80707.31224072026
722,5,0.0,47328.68001039582
723,5,0.0,24113.8930905679
724,5,0.0,26527.272755772283
725,5,0.0,38023.83063432359
726,5,0.0,69685.05335566669
727,5,0.0,116418.39279557369
728,5,0.0,177103.31979837804
729,5,0.0,235153.57381544146
730,5,0.0,283167.94283883064
731,5,0.0,280102.844070514
732,5,0.0,232072.9407258536
733,5,0.0,242250.25342693238
734,5,0.0,261470.82690514834
735,5,0.0,276470.31022250385
736,5,0.0,269471.37450993364
737,5,0.0,303398.1640634537
738,5,0.0,388869.88800866576
739,5,0.0,392049.34518292407
740,5,0.0,386155.3767335828
741,5,0.0,390810.899157153
742,5,0.0,371111.5587895127
743,5,0.0,334609.4005772882
744,5,0.0,281192.88823159435
745,5,0.0,235127.66138218058
